7350,OSHAINF13213,08012018,B,-525.000,1,L,1,OSH000001222660,OSH-1222660,2,CR,CONTG,-525.000,08012018,06252018,NET15,,,ACCTDOSH,,,,N,,,,N,,,1,,,,,100,A,-525.000,7350,1209400,,73504032,,2017,0001,,,,,,,000101,,,,,,,,,,,,,,,,,,,,,,,,,,,,,,,,,,,,,,,,,,,,
7350,OSHAINF13213,08012018,B,-525.000,1,L,1,OSH000001222660,OSH-1222660,2,CR,CONTG,-525.000,08012018,06252018,NET15,,,ACCTDOSH,,,,N,,,,N,,,1,,,,,1,U,525.000,7350,1290000,0138000000,73504032,,2017,0001,,,,,,,000101,,,,,,,,,,,,,,,,,,,,,,,,,,,,,,,,,,,,,,,,,,,,
7350,OSHAINF13214,08012018,B,-13030.000,1,L,1,OSH000001259331,OSH-1259331,2,CR,CONTG,-13030.000,08012018,06252018,NET15,,,ACCTDOSH,,,,N,,,,N,,,1,,,,,100,A,-13030.000,7350,1209400,,73504056,,2017,0001,,,,,,,000101,,,,,,,,,,,,,,,,,,,,,,,,,,,,,,,,,,,,,,,,,,,,
7350,OSHAINF13214,08012018,B,-13030.000,1,L,1,OSH000001259331,OSH-1259331,2,CR,CONTG,-13030.000,08012018,06252018,NET15,,,ACCTDOSH,,,,N,,,,N,,,1,,,,,1,U,13030.000,7350,1290000,0138000000,73504056,,2017,0001,,,,,,,000101,,,,,,,,,,,,,,,,,,,,,,,,,,,,,,,,,,,,,,,,,,,,
7350,OSHAINF13215,08012018,B,-22400.000,1,L,1,OSH000001185038,OSH-1185038,2,CR,CONTG,-22400.000,08012018,06212018,NET15,,,ACCTDOSH,,,,N,,,,N,,,1,,,,,100,A,-22400.000,7350,1209400,,73504012,,2016,0001,,,,,,,000101,,,,,,,,,,,,,,,,,,,,,,,,,,,,,,,,,,,,,,,,,,,,
7350,OSHAINF13215,08012018,B,-22400.000,1,L,1,OSH000001185038,OSH-1185038,2,CR,CONTG,-22400.000,08012018,06212018,NET15,,,ACCTDOSH,,,,N,,,,N,,,1,,,,,1,U,22400.000,7350,1290000,0138000000,73504012,,2016,0001,,,,,,,000101,,,,,,,,,,,,,,,,,,,,,,,,,,,,,,,,,,,,,,,,,,,,
7350,OSHAINF13216,08012018,B,-655.000,1,L,1,OSH000001246146,OSH-1246146,2,CR,CONTG,-655.000,08012018,06222018,NET15,,,ACCTDOSH,,,,N,,,,N,,,1,,,,,100,A,-655.000,7350,1209400,,73504023,,2017,0001,,,,,,,000101,,,,,,,,,,,,,,,,,,,,,,,,,,,,,,,,,,,,,,,,,,,,
7350,OSHAINF13216,08012018,B,-655.000,1,L,1,OSH000001246146,OSH-1246146,2,CR,CONTG,-655.000,08012018,06222018,NET15,,,ACCTDOSH,,,,N,,,,N,,,1,,,,,1,U,655.000,7350,1290000,0138000000,73504023,,2017,0001,,,,,,,000101,,,,,,,,,,,,,,,,,,,,,,,,,,,,,,,,,,,,,,,,,,,,
7350,OSHAINF13217,08012018,B,-469.000,1,L,1,OSH000001248277,OSH-1248277,2,CR,CONTG,-469.000,08012018,06212018,NET15,,,ACCTDOSH,,,,N,,,,N,,,1,,,,,100,A,-469.000,7350,1209400,,73504031,,2017,0001,,,,,,,000101,,,,,,,,,,,,,,,,,,,,,,,,,,,,,,,,,,,,,,,,,,,,
7350,OSHAINF13217,08012018,B,-469.000,1,L,1,OSH000001248277,OSH-1248277,2,CR,CONTG,-469.000,08012018,06212018,NET15,,,ACCTDOSH,,,,N,,,,N,,,1,,,,,1,U,469.000,7350,1290000,0138000000,73504031,,2017,0001,,,,,,,000101,,,,,,,,,,,,,,,,,,,,,,,,,,,,,,,,,,,,,,,,,,,,
7350,OSHAINF13218,08012018,B,-150.000,1,L,1,OSH000001267427,OSH-1267427,2,CR,CONTG,-150.000,08012018,06222018,NET15,,,ACCTDOSH,,,,N,,,,N,,,1,,,,,100,A,-150.000,7350,1209400,,73504012,,2017,0001,,,,,,,000101,,,,,,,,,,,,,,,,,,,,,,,,,,,,,,,,,,,,,,,,,,,,
7350,OSHAINF13218,08012018,B,-150.000,1,L,1,OSH000001267427,OSH-1267427,2,CR,CONTG,-150.000,08012018,06222018,NET15,,,ACCTDOSH,,,,N,,,,N,,,1,,,,,1,U,150.000,7350,1290000,0138000000,73504012,,2017,0001,,,,,,,000101,,,,,,,,,,,,,,,,,,,,,,,,,,,,,,,,,,,,,,,,,,,,
7350,OSHAINF13219,08012018,B,-1200.000,1,L,1,OSH000001251223,OSH-1251223,2,CR,CONTG,-1200.000,08012018,06222018,NET15,,,ACCTDOSH,,,,N,,,,N,,,1,,,,,100,A,-1200.000,7350,1209400,,73504503,,2017,0001,,,,,,,000101,,,,,,,,,,,,,,,,,,,,,,,,,,,,,,,,,,,,,,,,,,,,
7350,OSHAINF13219,08012018,B,-1200.000,1,L,1,OSH000001251223,OSH-1251223,2,CR,CONTG,-1200.000,08012018,06222018,NET15,,,ACCTDOSH,,,,N,,,,N,,,1,,,,,1,U,1200.000,7350,1290000,0138000000,73504503,,2017,0001,,,,,,,000101,,,,,,,,,,,,,,,,,,,,,,,,,,,,,,,,,,,,,,,,,,,,
7350,OSHAINF13220,08012018,B,-1500.000,1,L,1,OSH000001274268,OSH-1274268,2,CR,CONTG,-1500.000,08012018,06212018,NET15,,,ACCTDOSH,,,,N,,,,N,,,1,,,,,100,A,-1500.000,7350,1209400,,73504502,,2017,0001,,,,,,,000101,,,,,,,,,,,,,,,,,,,,,,,,,,,,,,,,,,,,,,,,,,,,
7350,OSHAINF13220,08012018,B,-1500.000,1,L,1,OSH000001274268,OSH-1274268,2,CR,CONTG,-1500.000,08012018,06212018,NET15,,,ACCTDOSH,,,,N,,,,N,,,1,,,,,1,U,1500.000,7350,1290000,0138000000,73504502,,2017,0001,,,,,,,000101,,,,,,,,,,,,,,,,,,,,,,,,,,,,,,,,,,,,,,,,,,,,
7350,OSHAINF13221,08012018,B,-3715.000,1,L,1,OSH000001258307,OSH-1258307,2,CR,CONTG,-3715.000,08012018,06212018,NET15,,,ACCTDOSH,,,,N,,,,N,,,1,,,,,100,A,-3715.000,7350,1209400,,73504056,,2017,0001,,,,,,,000101,,,,,,,,,,,,,,,,,,,,,,,,,,,,,,,,,,,,,,,,,,,,
7350,OSHAINF13221,08012018,B,-3715.000,1,L,1,OSH000001258307,OSH-1258307,2,CR,CONTG,-3715.000,08012018,06212018,NET15,,,ACCTDOSH,,,,N,,,,N,,,1,,,,,1,U,3715.000,7350,1290000,0138000000,73504056,,2017,0001,,,,,,,000101,,,,,,,,,,,,,,,,,,,,,,,,,,,,,,,,,,,,,,,,,,,,
7350,OSHAINF13222,08012018,B,-18265.000,1,L,1,OSH000001244081,OSH-1244081,2,CR,CONTG,-18265.000,08012018,06252018,NET15,,,ACCTDOSH,,,,N,,,,N,,,1,,,,,100,A,-18265.000,7350,1209400,,73504031,,2017,0001,,,,,,,000101,,,,,,,,,,,,,,,,,,,,,,,,,,,,,,,,,,,,,,,,,,,,
7350,OSHAINF13222,08012018,B,-18265.000,1,L,1,OSH000001244081,OSH-1244081,2,CR,CONTG,-18265.000,08012018,06252018,NET15,,,ACCTDOSH,,,,N,,,,N,,,1,,,,,1,U,18265.000,7350,1290000,0138000000,73504031,,2017,0001,,,,,,,000101,,,,,,,,,,,,,,,,,,,,,,,,,,,,,,,,,,,,,,,,,,,,
7350,OSHAINF13223,08012018,B,-13425.000,1,L,1,OSH000001223363,OSH-1223363,2,CR,CONTG,-13425.000,08012018,06252018,NET15,,,ACCTDOSH,,,,N,,,,N,,,1,,,,,100,A,-13425.000,7350,1209400,,73504025,,2017,0001,,,,,,,000101,,,,,,,,,,,,,,,,,,,,,,,,,,,,,,,,,,,,,,,,,,,,
7350,OSHAINF13223,08012018,B,-13425.000,1,L,1,OSH000001223363,OSH-1223363,2,CR,CONTG,-13425.000,08012018,06252018,NET15,,,ACCTDOSH,,,,N,,,,N,,,1,,,,,1,U,13425.000,7350,1290000,0138000000,73504025,,2017,0001,,,,,,,000101,,,,,,,,,,,,,,,,,,,,,,,,,,,,,,,,,,,,,,,,,,,,
7350,OSHAINF13224,08012018,B,-14030.000,1,L,1,OSH000001290778,OSH-1290778,2,CR,CONTG,-14030.000,08012018,06212018,NET15,,,ACCTDOSH,,,,N,,,,N,,,1,,,,,100,A,-14030.000,7350,1209400,,73504059,,2017,0001,,,,,,,000101,,,,,,,,,,,,,,,,,,,,,,,,,,,,,,,,,,,,,,,,,,,,
7350,OSHAINF13224,08012018,B,-14030.000,1,L,1,OSH000001290778,OSH-1290778,2,CR,CONTG,-14030.000,08012018,06212018,NET15,,,ACCTDOSH,,,,N,,,,N,,,1,,,,,1,U,14030.000,7350,1290000,0138000000,73504059,,2017,0001,,,,,,,000101,,,,,,,,,,,,,,,,,,,,,,,,,,,,,,,,,,,,,,,,,,,,
7350,OSHAINF13225,08012018,B,-5280.000,1,L,1,OSH000001249049,OSH-1249049,2,CR,CONTG,-5280.000,08012018,06212018,NET15,,,ACCTDOSH,,,,N,,,,N,,,1,,,,,100,A,-5280.000,7350,1209400,,73504502,,2017,0001,,,,,,,000101,,,,,,,,,,,,,,,,,,,,,,,,,,,,,,,,,,,,,,,,,,,,
7350,OSHAINF13225,08012018,B,-5280.000,1,L,1,OSH000001249049,OSH-1249049,2,CR,CONTG,-5280.000,08012018,06212018,NET15,,,ACCTDOSH,,,,N,,,,N,,,1,,,,,1,U,5280.000,7350,1290000,0138000000,73504502,,2017,0001,,,,,,,000101,,,,,,,,,,,,,,,,,,,,,,,,,,,,,,,,,,,,,,,,,,,,
7350,OSHAINF13226,08012018,B,-30000.000,1,L,1,OSH000001058134,OSH-1058134,3,CR,AROT,-30000.000,08012018,03142018,NET15,,,ACCTDOSH,,,,N,,,,N,,,1,,,,,100,A,-30000.000,7350,1209900,,73504014,,2015,0001,,,,,,,000101,,,,,,,,,,,,,,,,,,,,,,,,,,,,,,,,,,,,,,,,,,,,
7350,OSHAINF13226,08012018,B,-30000.000,1,L,1,OSH000001058134,OSH-1058134,3,CR,AROT,-30000.000,08012018,03142018,NET15,,,ACCTDOSH,,,,N,,,,N,,,1,,,,,1,U,30000.000,7350,1290000,0131900000,73504014,,2015,0001,,,,,,,000101,,,,,,,,,,,,,,,,,,,,,,,,,,,,,,,,,,,,,,,,,,,,
7350,OSHAINF13227,08012018,B,-300.000,1,L,1,OSH000001177772,OSH-1177772,3,CR,AROT,-300.000,08012018,08012018,NET15,,,ACCTDOSH,,,,N,,,,N,,,1,,,,,100,A,-300.000,7350,1209900,,73504041,,2016,0001,,,,,,,000101,,,,,,,,,,,,,,,,,,,,,,,,,,,,,,,,,,,,,,,,,,,,
7350,OSHAINF13227,08012018,B,-300.000,1,L,1,OSH000001177772,OSH-1177772,3,CR,AROT,-300.000,08012018,08012018,NET15,,,ACCTDOSH,,,,N,,,,N,,,1,,,,,1,U,300.000,7350,1290000,0131900000,73504041,,2016,0001,,,,,,,000101,,,,,,,,,,,,,,,,,,,,,,,,,,,,,,,,,,,,,,,,,,,,
7350,OSHAINF13228,08012018,B,-325.000,1,L,1,OSH000001177772,OSH-1177772,3,CR,AROT,-325.000,08012018,08012018,NET15,,,ACCTDOSH,,,,N,,,,N,,,1,,,,,100,A,-325.000,7350,1209900,,73504041,,2016,0001,,,,,,,000101,,,,,,,,,,,,,,,,,,,,,,,,,,,,,,,,,,,,,,,,,,,,
7350,OSHAINF13228,08012018,B,-325.000,1,L,1,OSH000001177772,OSH-1177772,3,CR,AROT,-325.000,08012018,08012018,NET15,,,ACCTDOSH,,,,N,,,,N,,,1,,,,,1,U,325.000,7350,1290000,0131900000,73504041,,2016,0001,,,,,,,000101,,,,,,,,,,,,,,,,,,,,,,,,,,,,,,,,,,,,,,,,,,,,
7350,OSHAINF13229,08012018,B,-267.000,1,L,1,OSH000001221767,OSH-1221767,3,CR,AROT,-267.000,08012018,08012018,NET15,,,ACCTDOSH,,,,N,,,,N,,,1,,,,,100,A,-267.000,7350,1209900,,73504031,,2016,0001,,,,,,,000101,,,,,,,,,,,,,,,,,,,,,,,,,,,,,,,,,,,,,,,,,,,,
7350,OSHAINF13229,08012018,B,-267.000,1,L,1,OSH000001221767,OSH-1221767,3,CR,AROT,-267.000,08012018,08012018,NET15,,,ACCTDOSH,,,,N,,,,N,,,1,,,,,1,U,267.000,7350,1290000,0131900000,73504031,,2016,0001,,,,,,,000101,,,,,,,,,,,,,,,,,,,,,,,,,,,,,,,,,,,,,,,,,,,,
7350,OSHAINF13230,08012018,B,-25.000,1,L,1,OSH000001097640,OSH-1097640,3,CR,AROT,-25.000,08012018,08012018,NET15,,,ACCTDOSH,,,,N,,,,N,,,1,,,,,100,A,-25.000,7350,1209900,,73504025,,2015,0001,,,,,,,000101,,,,,,,,,,,,,,,,,,,,,,,,,,,,,,,,,,,,,,,,,,,,
7350,OSHAINF13230,08012018,B,-25.000,1,L,1,OSH000001097640,OSH-1097640,3,CR,AROT,-25.000,08012018,08012018,NET15,,,ACCTDOSH,,,,N,,,,N,,,1,,,,,1,U,25.000,7350,1290000,0131900000,73504025,,2015,0001,,,,,,,000101,,,,,,,,,,,,,,,,,,,,,,,,,,,,,,,,,,,,,,,,,,,,
7350,OSHAINF13231,08012018,B,-262.000,1,L,1,OSH000001111281,OSH-1111281,3,CR,AROT,-262.000,08012018,08012018,NET15,,,ACCTDOSH,,,,N,,,,N,,,1,,,,,100,A,-262.000,7350,1209900,,73504502,,2015,0001,,,,,,,000101,,,,,,,,,,,,,,,,,,,,,,,,,,,,,,,,,,,,,,,,,,,,
7350,OSHAINF13231,08012018,B,-262.000,1,L,1,OSH000001111281,OSH-1111281,3,CR,AROT,-262.000,08012018,08012018,NET15,,,ACCTDOSH,,,,N,,,,N,,,1,,,,,1,U,262.000,7350,1290000,0131900000,73504502,,2015,0001,,,,,,,000101,,,,,,,,,,,,,,,,,,,,,,,,,,,,,,,,,,,,,,,,,,,,
7350,OSHAINF13232,08012018,B,-640.000,1,L,1,OSH000001079591,OSH-1079591,3,CR,AROT,-640.000,08012018,08012018,NET15,,,ACCTDOSH,,,,N,,,,N,,,1,,,,,100,A,-640.000,7350,1209900,,73504012,,2015,0001,,,,,,,000101,,,,,,,,,,,,,,,,,,,,,,,,,,,,,,,,,,,,,,,,,,,,
7350,OSHAINF13232,08012018,B,-640.000,1,L,1,OSH000001079591,OSH-1079591,3,CR,AROT,-640.000,08012018,08012018,NET15,,,ACCTDOSH,,,,N,,,,N,,,1,,,,,1,U,640.000,7350,1290000,0131900000,73504012,,2015,0001,,,,,,,000101,,,,,,,,,,,,,,,,,,,,,,,,,,,,,,,,,,,,,,,,,,,,
7350,OSHAINF13233,08012018,B,-290.000,1,L,1,OSH000001146547,OSH-1146547,3,CR,AROT,-290.000,08012018,08012018,NET15,,,ACCTDOSH,,,,N,,,,N,,,1,,,,,100,A,-290.000,7350,1209900,,73504044,,2016,0001,,,,,,,000101,,,,,,,,,,,,,,,,,,,,,,,,,,,,,,,,,,,,,,,,,,,,
7350,OSHAINF13233,08012018,B,-290.000,1,L,1,OSH000001146547,OSH-1146547,3,CR,AROT,-290.000,08012018,08012018,NET15,,,ACCTDOSH,,,,N,,,,N,,,1,,,,,1,U,290.000,7350,1290000,0131900000,73504044,,2016,0001,,,,,,,000101,,,,,,,,,,,,,,,,,,,,,,,,,,,,,,,,,,,,,,,,,,,,
7350,OSHAINF13234,08012018,B,-485.000,1,L,1,OSH000001194800,OSH-1194800,3,CR,AROT,-485.000,08012018,08012018,NET15,,,ACCTDOSH,,,,N,,,,N,,,1,,,,,100,A,-485.000,7350,1209900,,73504031,,2016,0001,,,,,,,000101,,,,,,,,,,,,,,,,,,,,,,,,,,,,,,,,,,,,,,,,,,,,
7350,OSHAINF13234,08012018,B,-485.000,1,L,1,OSH000001194800,OSH-1194800,3,CR,AROT,-485.000,08012018,08012018,NET15,,,ACCTDOSH,,,,N,,,,N,,,1,,,,,1,U,485.000,7350,1290000,0131900000,73504031,,2016,0001,,,,,,,000101,,,,,,,,,,,,,,,,,,,,,,,,,,,,,,,,,,,,,,,,,,,,
7350,OSHAINF13235,08012018,B,-1800.000,1,L,1,OSH000001177772,OSH-1177772,3,CR,AROT,-1800.000,08012018,08012018,NET15,,,ACCTDOSH,,,,N,,,,N,,,1,,,,,100,A,-1800.000,7350,1209900,,73504041,,2016,0001,,,,,,,000101,,,,,,,,,,,,,,,,,,,,,,,,,,,,,,,,,,,,,,,,,,,,
7350,OSHAINF13235,08012018,B,-1800.000,1,L,1,OSH000001177772,OSH-1177772,3,CR,AROT,-1800.000,08012018,08012018,NET15,,,ACCTDOSH,,,,N,,,,N,,,1,,,,,1,U,1800.000,7350,1290000,0131900000,73504041,,2016,0001,,,,,,,000101,,,,,,,,,,,,,,,,,,,,,,,,,,,,,,,,,,,,,,,,,,,,
7350,OSHAINF13236,08012018,B,-14400.000,1,L,1,OSH000001177772,OSH-1177772,3,CR,AROT,-14400.000,08012018,08012018,NET15,,,ACCTDOSH,,,,N,,,,N,,,1,,,,,100,A,-14400.000,7350,1209900,,73504041,,2016,0001,,,,,,,000101,,,,,,,,,,,,,,,,,,,,,,,,,,,,,,,,,,,,,,,,,,,,
7350,OSHAINF13236,08012018,B,-14400.000,1,L,1,OSH000001177772,OSH-1177772,3,CR,AROT,-14400.000,08012018,08012018,NET15,,,ACCTDOSH,,,,N,,,,N,,,1,,,,,1,U,14400.000,7350,1290000,0131900000,73504041,,2016,0001,,,,,,,000101,,,,,,,,,,,,,,,,,,,,,,,,,,,,,,,,,,,,,,,,,,,,
7350,OSHAINF13237,08012018,B,-386.380,1,L,1,OSH000001077656,OSH-1077656,3,CR,AROT,-386.380,08012018,08012018,NET15,,,ACCTDOSH,,,,N,,,,N,,,1,,,,,100,A,-386.380,7350,1209900,,73504031,,2015,0001,,,,,,,000101,,,,,,,,,,,,,,,,,,,,,,,,,,,,,,,,,,,,,,,,,,,,
7350,OSHAINF13237,08012018,B,-386.380,1,L,1,OSH000001077656,OSH-1077656,3,CR,AROT,-386.380,08012018,08012018,NET15,,,ACCTDOSH,,,,N,,,,N,,,1,,,,,1,U,386.380,7350,1290000,0131900000,73504031,,2015,0001,,,,,,,000101,,,,,,,,,,,,,,,,,,,,,,,,,,,,,,,,,,,,,,,,,,,,
7350,OSHAINF13238,08012018,B,-260.000,1,L,1,OSH000001210824,OSH-1210824,3,CR,AROT,-260.000,08012018,08012018,NET15,,,ACCTDOSH,,,,N,,,,N,,,1,,,,,100,A,-260.000,7350,1209900,,73504059,,2016,0001,,,,,,,000101,,,,,,,,,,,,,,,,,,,,,,,,,,,,,,,,,,,,,,,,,,,,
7350,OSHAINF13238,08012018,B,-260.000,1,L,1,OSH000001210824,OSH-1210824,3,CR,AROT,-260.000,08012018,08012018,NET15,,,ACCTDOSH,,,,N,,,,N,,,1,,,,,1,U,260.000,7350,1290000,0131900000,73504059,,2016,0001,,,,,,,000101,,,,,,,,,,,,,,,,,,,,,,,,,,,,,,,,,,,,,,,,,,,,
7350,OSHAINF13239,08012018,B,-428.000,1,L,1,OSH000001198293,OSH-1198293,3,CR,AROT,-428.000,08012018,08012018,NET15,,,ACCTDOSH,,,,N,,,,N,,,1,,,,,100,A,-428.000,7350,1209900,,73504056,,2016,0001,,,,,,,000101,,,,,,,,,,,,,,,,,,,,,,,,,,,,,,,,,,,,,,,,,,,,
7350,OSHAINF13239,08012018,B,-428.000,1,L,1,OSH000001198293,OSH-1198293,3,CR,AROT,-428.000,08012018,08012018,NET15,,,ACCTDOSH,,,,N,,,,N,,,1,,,,,1,U,428.000,7350,1290000,0131900000,73504056,,2016,0001,,,,,,,000101,,,,,,,,,,,,,,,,,,,,,,,,,,,,,,,,,,,,,,,,,,,,
7350,OSHAINF13240,08012018,B,-330.000,1,L,1,OSH000001120712,OSH-1120712,3,CR,AROT,-330.000,08012018,08012018,NET15,,,ACCTDOSH,,,,N,,,,N,,,1,,,,,100,A,-330.000,7350,1209900,,73504025,,2015,0001,,,,,,,000101,,,,,,,,,,,,,,,,,,,,,,,,,,,,,,,,,,,,,,,,,,,,
7350,OSHAINF13240,08012018,B,-330.000,1,L,1,OSH000001120712,OSH-1120712,3,CR,AROT,-330.000,08012018,08012018,NET15,,,ACCTDOSH,,,,N,,,,N,,,1,,,,,1,U,330.000,7350,1290000,0131900000,73504025,,2015,0001,,,,,,,000101,,,,,,,,,,,,,,,,,,,,,,,,,,,,,,,,,,,,,,,,,,,,
7350,OSHAINF13241,08012018,B,-992.500,1,L,1,OSH000001085585,OSH-1085585,3,CR,AROT,-992.500,08012018,08012018,NET15,,,ACCTDOSH,,,,N,,,,N,,,1,,,,,100,A,-992.500,7350,1209900,,73504041,,2015,0001,,,,,,,000101,,,,,,,,,,,,,,,,,,,,,,,,,,,,,,,,,,,,,,,,,,,,
7350,OSHAINF13241,08012018,B,-992.500,1,L,1,OSH000001085585,OSH-1085585,3,CR,AROT,-992.500,08012018,08012018,NET15,,,ACCTDOSH,,,,N,,,,N,,,1,,,,,1,U,992.500,7350,1290000,0131900000,73504041,,2015,0001,,,,,,,000101,,,,,,,,,,,,,,,,,,,,,,,,,,,,,,,,,,,,,,,,,,,,
7350,OSHAINF13242,08012018,B,-56.250,1,L,1,OSH000001170785,OSH-1170785,3,CR,AROT,-56.250,08012018,08012018,NET15,,,ACCTDOSH,,,,N,,,,N,,,1,,,,,100,A,-56.250,7350,1209900,,73504032,,2016,0001,,,,,,,000101,,,,,,,,,,,,,,,,,,,,,,,,,,,,,,,,,,,,,,,,,,,,
7350,OSHAINF13242,08012018,B,-56.250,1,L,1,OSH000001170785,OSH-1170785,3,CR,AROT,-56.250,08012018,08012018,NET15,,,ACCTDOSH,,,,N,,,,N,,,1,,,,,1,U,56.250,7350,1290000,0131900000,73504032,,2016,0001,,,,,,,000101,,,,,,,,,,,,,,,,,,,,,,,,,,,,,,,,,,,,,,,,,,,,
7350,OSHAINF13243,08012018,B,-362.000,1,L,1,OSH000001159090,OSH-1159090,3,CR,AROT,-362.000,08012018,08012018,NET15,,,ACCTDOSH,,,,N,,,,N,,,1,,,,,100,A,-362.000,7350,1209900,,73504032,,2016,0001,,,,,,,000101,,,,,,,,,,,,,,,,,,,,,,,,,,,,,,,,,,,,,,,,,,,,
7350,OSHAINF13243,08012018,B,-362.000,1,L,1,OSH000001159090,OSH-1159090,3,CR,AROT,-362.000,08012018,08012018,NET15,,,ACCTDOSH,,,,N,,,,N,,,1,,,,,1,U,362.000,7350,1290000,0131900000,73504032,,2016,0001,,,,,,,000101,,,,,,,,,,,,,,,,,,,,,,,,,,,,,,,,,,,,,,,,,,,,
7350,OSHAINF13244,08012018,B,-490.000,1,L,1,OSH000001046577,OSH-1046577,3,CR,AROT,-490.000,08012018,08012018,NET15,,,ACCTDOSH,,,,N,,,,N,,,1,,,,,100,A,-490.000,7350,1209900,,73504031,,2014,0001,,,,,,,000101,,,,,,,,,,,,,,,,,,,,,,,,,,,,,,,,,,,,,,,,,,,,
7350,OSHAINF13244,08012018,B,-490.000,1,L,1,OSH000001046577,OSH-1046577,3,CR,AROT,-490.000,08012018,08012018,NET15,,,ACCTDOSH,,,,N,,,,N,,,1,,,,,1,U,490.000,7350,1290000,0131900000,73504031,,2014,0001,,,,,,,000101,,,,,,,,,,,,,,,,,,,,,,,,,,,,,,,,,,,,,,,,,,,,
7350,OSHAINF13245,08012018,B,-127.500,1,L,1,OSH000001094817,OSH-1094817,3,CR,AROT,-127.500,08012018,08012018,NET15,,,ACCTDOSH,,,,N,,,,N,,,1,,,,,100,A,-127.500,7350,1209900,,73504021,,2015,0001,,,,,,,000101,,,,,,,,,,,,,,,,,,,,,,,,,,,,,,,,,,,,,,,,,,,,
7350,OSHAINF13245,08012018,B,-127.500,1,L,1,OSH000001094817,OSH-1094817,3,CR,AROT,-127.500,08012018,08012018,NET15,,,ACCTDOSH,,,,N,,,,N,,,1,,,,,1,U,127.500,7350,1290000,0131900000,73504021,,2015,0001,,,,,,,000101,,,,,,,,,,,,,,,,,,,,,,,,,,,,,,,,,,,,,,,,,,,,
7350,OSHAINF13246,08012018,B,-275.000,1,L,1,OSH000001215267,OSH-1215267,3,CR,AROT,-275.000,08012018,08012018,NET15,,,ACCTDOSH,,,,N,,,,N,,,1,,,,,100,A,-275.000,7350,1209900,,73504031,,2016,0001,,,,,,,000101,,,,,,,,,,,,,,,,,,,,,,,,,,,,,,,,,,,,,,,,,,,,
7350,OSHAINF13246,08012018,B,-275.000,1,L,1,OSH000001215267,OSH-1215267,3,CR,AROT,-275.000,08012018,08012018,NET15,,,ACCTDOSH,,,,N,,,,N,,,1,,,,,1,U,275.000,7350,1290000,0131900000,73504031,,2016,0001,,,,,,,000101,,,,,,,,,,,,,,,,,,,,,,,,,,,,,,,,,,,,,,,,,,,,
7350,OSHAINF13247,08012018,B,-200.000,1,L,1,OSH000001065075,OSH-1065075,3,CR,AROT,-200.000,08012018,08012018,NET15,,,ACCTDOSH,,,,N,,,,N,,,1,,,,,100,A,-200.000,7350,1209900,,73504021,,2015,0001,,,,,,,000101,,,,,,,,,,,,,,,,,,,,,,,,,,,,,,,,,,,,,,,,,,,,
7350,OSHAINF13247,08012018,B,-200.000,1,L,1,OSH000001065075,OSH-1065075,3,CR,AROT,-200.000,08012018,08012018,NET15,,,ACCTDOSH,,,,N,,,,N,,,1,,,,,1,U,200.000,7350,1290000,0131900000,73504021,,2015,0001,,,,,,,000101,,,,,,,,,,,,,,,,,,,,,,,,,,,,,,,,,,,,,,,,,,,,
7350,OSHAINF13248,08012018,B,-800.000,1,L,1,OSH000001185038,OSH-1185038,3,CR,AROT,-800.000,08012018,07032018,NET15,,,ACCTDOSH,,,,N,,,,N,,,1,,,,,100,A,-800.000,7350,1209900,,73504012,,2016,0001,,,,,,,000101,,,,,,,,,,,,,,,,,,,,,,,,,,,,,,,,,,,,,,,,,,,,
7350,OSHAINF13248,08012018,B,-800.000,1,L,1,OSH000001185038,OSH-1185038,3,CR,AROT,-800.000,08012018,07032018,NET15,,,ACCTDOSH,,,,N,,,,N,,,1,,,,,1,U,800.000,7350,1290000,0131900000,73504012,,2016,0001,,,,,,,000101,,,,,,,,,,,,,,,,,,,,,,,,,,,,,,,,,,,,,,,,,,,,
7350,OSHAINF13249,08012018,B,-800.000,1,L,1,OSH000001185038,OSH-1185038,3,CR,AROT,-800.000,08012018,07032018,NET15,,,ACCTDOSH,,,,N,,,,N,,,1,,,,,100,A,-800.000,7350,1209900,,73504012,,2016,0001,,,,,,,000101,,,,,,,,,,,,,,,,,,,,,,,,,,,,,,,,,,,,,,,,,,,,
7350,OSHAINF13249,08012018,B,-800.000,1,L,1,OSH000001185038,OSH-1185038,3,CR,AROT,-800.000,08012018,07032018,NET15,,,ACCTDOSH,,,,N,,,,N,,,1,,,,,1,U,800.000,7350,1290000,0131900000,73504012,,2016,0001,,,,,,,000101,,,,,,,,,,,,,,,,,,,,,,,,,,,,,,,,,,,,,,,,,,,,
7350,OSHAINF13250,08012018,B,-7000.000,1,L,1,OSH000001185038,OSH-1185038,3,CR,AROT,-7000.000,08012018,07032018,NET15,,,ACCTDOSH,,,,N,,,,N,,,1,,,,,100,A,-7000.000,7350,1209900,,73504012,,2016,0001,,,,,,,000101,,,,,,,,,,,,,,,,,,,,,,,,,,,,,,,,,,,,,,,,,,,,
7350,OSHAINF13250,08012018,B,-7000.000,1,L,1,OSH000001185038,OSH-1185038,3,CR,AROT,-7000.000,08012018,07032018,NET15,,,ACCTDOSH,,,,N,,,,N,,,1,,,,,1,U,7000.000,7350,1290000,0131900000,73504012,,2016,0001,,,,,,,000101,,,,,,,,,,,,,,,,,,,,,,,,,,,,,,,,,,,,,,,,,,,,
7350,OSHAINF13251,08012018,B,-7000.000,1,L,1,OSH000001185038,OSH-1185038,3,CR,AROT,-7000.000,08012018,07032018,NET15,,,ACCTDOSH,,,,N,,,,N,,,1,,,,,100,A,-7000.000,7350,1209900,,73504012,,2016,0001,,,,,,,000101,,,,,,,,,,,,,,,,,,,,,,,,,,,,,,,,,,,,,,,,,,,,
7350,OSHAINF13251,08012018,B,-7000.000,1,L,1,OSH000001185038,OSH-1185038,3,CR,AROT,-7000.000,08012018,07032018,NET15,,,ACCTDOSH,,,,N,,,,N,,,1,,,,,1,U,7000.000,7350,1290000,0131900000,73504012,,2016,0001,,,,,,,000101,,,,,,,,,,,,,,,,,,,,,,,,,,,,,,,,,,,,,,,,,,,,
7350,OSHAINF13252,08012018,B,-7000.000,1,L,1,OSH000001185038,OSH-1185038,3,CR,AROT,-7000.000,08012018,07032018,NET15,,,ACCTDOSH,,,,N,,,,N,,,1,,,,,100,A,-7000.000,7350,1209900,,73504012,,2016,0001,,,,,,,000101,,,,,,,,,,,,,,,,,,,,,,,,,,,,,,,,,,,,,,,,,,,,
7350,OSHAINF13252,08012018,B,-7000.000,1,L,1,OSH000001185038,OSH-1185038,3,CR,AROT,-7000.000,08012018,07032018,NET15,,,ACCTDOSH,,,,N,,,,N,,,1,,,,,1,U,7000.000,7350,1290000,0131900000,73504012,,2016,0001,,,,,,,000101,,,,,,,,,,,,,,,,,,,,,,,,,,,,,,,,,,,,,,,,,,,,
7350,OSHAINF13253,08012018,B,-485.000,1,L,1,OSH000001177772,OSH-1177772,3,CR,AROT,-485.000,08012018,08012018,NET15,,,ACCTDOSH,,,,N,,,,N,,,1,,,,,100,A,-485.000,7350,1209900,,73504041,,2016,0001,,,,,,,000101,,,,,,,,,,,,,,,,,,,,,,,,,,,,,,,,,,,,,,,,,,,,
7350,OSHAINF13253,08012018,B,-485.000,1,L,1,OSH000001177772,OSH-1177772,3,CR,AROT,-485.000,08012018,08012018,NET15,,,ACCTDOSH,,,,N,,,,N,,,1,,,,,1,U,485.000,7350,1290000,0131900000,73504041,,2016,0001,,,,,,,000101,,,,,,,,,,,,,,,,,,,,,,,,,,,,,,,,,,,,,,,,,,,,
7350,OSHAINF13254,08012018,B,-2227.000,1,L,1,OSH000001044815,OSH-1044815,3,CR,AROT,-2227.000,08012018,08012018,NET15,,,ACCTDOSH,,,,N,,,,N,,,1,,,,,100,A,-2227.000,7350,1209900,,73504041,,2015,0001,,,,,,,000101,,,,,,,,,,,,,,,,,,,,,,,,,,,,,,,,,,,,,,,,,,,,
7350,OSHAINF13254,08012018,B,-2227.000,1,L,1,OSH000001044815,OSH-1044815,3,CR,AROT,-2227.000,08012018,08012018,NET15,,,ACCTDOSH,,,,N,,,,N,,,1,,,,,1,U,2227.000,7350,1290000,0131900000,73504041,,2015,0001,,,,,,,000101,,,,,,,,,,,,,,,,,,,,,,,,,,,,,,,,,,,,,,,,,,,,
7350,OSHAINF13255,08012018,B,-725.000,1,L,1,OSH000001065307,OSH-1065307,3,CR,AROT,-725.000,08012018,08012018,NET15,,,ACCTDOSH,,,,N,,,,N,,,1,,,,,100,A,-725.000,7350,1209900,,73504041,,2015,0001,,,,,,,000101,,,,,,,,,,,,,,,,,,,,,,,,,,,,,,,,,,,,,,,,,,,,
7350,OSHAINF13255,08012018,B,-725.000,1,L,1,OSH000001065307,OSH-1065307,3,CR,AROT,-725.000,08012018,08012018,NET15,,,ACCTDOSH,,,,N,,,,N,,,1,,,,,1,U,725.000,7350,1290000,0131900000,73504041,,2015,0001,,,,,,,000101,,,,,,,,,,,,,,,,,,,,,,,,,,,,,,,,,,,,,,,,,,,,
7350,OSHAINF13256,08012018,B,-975.000,1,L,1,OSH000001040996,OSH-1040996,3,CR,AROT,-975.000,08012018,08012018,NET15,,,ACCTDOSH,,,,N,,,,N,,,1,,,,,100,A,-975.000,7350,1209900,,73504031,,2014,0001,,,,,,,000101,,,,,,,,,,,,,,,,,,,,,,,,,,,,,,,,,,,,,,,,,,,,
7350,OSHAINF13256,08012018,B,-975.000,1,L,1,OSH000001040996,OSH-1040996,3,CR,AROT,-975.000,08012018,08012018,NET15,,,ACCTDOSH,,,,N,,,,N,,,1,,,,,1,U,975.000,7350,1290000,0131900000,73504031,,2014,0001,,,,,,,000101,,,,,,,,,,,,,,,,,,,,,,,,,,,,,,,,,,,,,,,,,,,,
7350,OSHAINF13257,08012018,B,-58.000,1,L,1,OSH000001093577,OSH-1093577,3,CR,AROT,-58.000,08012018,08012018,NET15,,,ACCTDOSH,,,,N,,,,N,,,1,,,,,100,A,-58.000,7350,1209900,,73504056,,2015,0001,,,,,,,000101,,,,,,,,,,,,,,,,,,,,,,,,,,,,,,,,,,,,,,,,,,,,
7350,OSHAINF13257,08012018,B,-58.000,1,L,1,OSH000001093577,OSH-1093577,3,CR,AROT,-58.000,08012018,08012018,NET15,,,ACCTDOSH,,,,N,,,,N,,,1,,,,,1,U,58.000,7350,1290000,0131900000,73504056,,2015,0001,,,,,,,000101,,,,,,,,,,,,,,,,,,,,,,,,,,,,,,,,,,,,,,,,,,,,
7350,OSHAINF13258,08012018,B,-337.500,1,L,1,OSH000001221835,OSH-1221835,3,CR,AROT,-337.500,08012018,08012018,NET15,,,ACCTDOSH,,,,N,,,,N,,,1,,,,,100,A,-337.500,7350,1209900,,73504035,,2016,0001,,,,,,,000101,,,,,,,,,,,,,,,,,,,,,,,,,,,,,,,,,,,,,,,,,,,,
7350,OSHAINF13258,08012018,B,-337.500,1,L,1,OSH000001221835,OSH-1221835,3,CR,AROT,-337.500,08012018,08012018,NET15,,,ACCTDOSH,,,,N,,,,N,,,1,,,,,1,U,337.500,7350,1290000,0131900000,73504035,,2016,0001,,,,,,,000101,,,,,,,,,,,,,,,,,,,,,,,,,,,,,,,,,,,,,,,,,,,,
7350,OSHAINF13259,08012018,B,-592.500,1,L,1,OSH000001101274,OSH-1101274,3,CR,AROT,-592.500,08012018,08012018,NET15,,,ACCTDOSH,,,,N,,,,N,,,1,,,,,100,A,-592.500,7350,1209900,,73504041,,2015,0001,,,,,,,000101,,,,,,,,,,,,,,,,,,,,,,,,,,,,,,,,,,,,,,,,,,,,
7350,OSHAINF13259,08012018,B,-592.500,1,L,1,OSH000001101274,OSH-1101274,3,CR,AROT,-592.500,08012018,08012018,NET15,,,ACCTDOSH,,,,N,,,,N,,,1,,,,,1,U,592.500,7350,1290000,0131900000,73504041,,2015,0001,,,,,,,000101,,,,,,,,,,,,,,,,,,,,,,,,,,,,,,,,,,,,,,,,,,,,
7350,OSHAINF13260,08012018,B,-206.500,1,L,1,OSH000001146474,OSH-1146474,3,CR,AROT,-206.500,08012018,08012018,NET15,,,ACCTDOSH,,,,N,,,,N,,,1,,,,,100,A,-206.500,7350,1209900,,73504502,,2015,0001,,,,,,,000101,,,,,,,,,,,,,,,,,,,,,,,,,,,,,,,,,,,,,,,,,,,,
7350,OSHAINF13260,08012018,B,-206.500,1,L,1,OSH000001146474,OSH-1146474,3,CR,AROT,-206.500,08012018,08012018,NET15,,,ACCTDOSH,,,,N,,,,N,,,1,,,,,1,U,206.500,7350,1290000,0131900000,73504502,,2015,0001,,,,,,,000101,,,,,,,,,,,,,,,,,,,,,,,,,,,,,,,,,,,,,,,,,,,,
7350,OSHAINF13261,08012018,B,-562.500,1,L,1,OSH000001118497,OSH-1118497,3,CR,AROT,-562.500,08012018,08012018,NET15,,,ACCTDOSH,,,,N,,,,N,,,1,,,,,100,A,-562.500,7350,1209900,,73504029,,2015,0001,,,,,,,000101,,,,,,,,,,,,,,,,,,,,,,,,,,,,,,,,,,,,,,,,,,,,
7350,OSHAINF13261,08012018,B,-562.500,1,L,1,OSH000001118497,OSH-1118497,3,CR,AROT,-562.500,08012018,08012018,NET15,,,ACCTDOSH,,,,N,,,,N,,,1,,,,,1,U,562.500,7350,1290000,0131900000,73504029,,2015,0001,,,,,,,000101,,,,,,,,,,,,,,,,,,,,,,,,,,,,,,,,,,,,,,,,,,,,
7350,OSHAINF13262,08012018,B,-129.000,1,L,1,OSH000001119698,OSH-1119698,3,CR,AROT,-129.000,08012018,08012018,NET15,,,ACCTDOSH,,,,N,,,,N,,,1,,,,,100,A,-129.000,7350,1209900,,73504041,,2015,0001,,,,,,,000101,,,,,,,,,,,,,,,,,,,,,,,,,,,,,,,,,,,,,,,,,,,,
7350,OSHAINF13262,08012018,B,-129.000,1,L,1,OSH000001119698,OSH-1119698,3,CR,AROT,-129.000,08012018,08012018,NET15,,,ACCTDOSH,,,,N,,,,N,,,1,,,,,1,U,129.000,7350,1290000,0131900000,73504041,,2015,0001,,,,,,,000101,,,,,,,,,,,,,,,,,,,,,,,,,,,,,,,,,,,,,,,,,,,,
7350,OSHAINF13263,08012018,B,-800.000,1,L,1,OSH000001185038,OSH-1185038,3,CR,AROT,-800.000,08012018,07032018,NET15,,,ACCTDOSH,,,,N,,,,N,,,1,,,,,100,A,-800.000,7350,1209900,,73504012,,2016,0001,,,,,,,000101,,,,,,,,,,,,,,,,,,,,,,,,,,,,,,,,,,,,,,,,,,,,
7350,OSHAINF13263,08012018,B,-800.000,1,L,1,OSH000001185038,OSH-1185038,3,CR,AROT,-800.000,08012018,07032018,NET15,,,ACCTDOSH,,,,N,,,,N,,,1,,,,,1,U,800.000,7350,1290000,0131900000,73504012,,2016,0001,,,,,,,000101,,,,,,,,,,,,,,,,,,,,,,,,,,,,,,,,,,,,,,,,,,,,
7350,OSHAINF13264,08012018,B,-330.000,1,L,1,OSH000001193546,OSH-1193546,3,CR,AROT,-330.000,08012018,08012018,NET15,,,ACCTDOSH,,,,N,,,,N,,,1,,,,,100,A,-330.000,7350,1209900,,73504016,,2016,0001,,,,,,,000101,,,,,,,,,,,,,,,,,,,,,,,,,,,,,,,,,,,,,,,,,,,,
7350,OSHAINF13264,08012018,B,-330.000,1,L,1,OSH000001193546,OSH-1193546,3,CR,AROT,-330.000,08012018,08012018,NET15,,,ACCTDOSH,,,,N,,,,N,,,1,,,,,1,U,330.000,7350,1290000,0131900000,73504016,,2016,0001,,,,,,,000101,,,,,,,,,,,,,,,,,,,,,,,,,,,,,,,,,,,,,,,,,,,,
7350,OSHAINF13265,08012018,B,-535.000,1,L,1,OSH000001113361,OSH-1113361,3,CR,AROT,-535.000,08012018,08012018,NET15,,,ACCTDOSH,,,,N,,,,N,,,1,,,,,100,A,-535.000,7350,1209900,,73504032,,2015,0001,,,,,,,000101,,,,,,,,,,,,,,,,,,,,,,,,,,,,,,,,,,,,,,,,,,,,
7350,OSHAINF13265,08012018,B,-535.000,1,L,1,OSH000001113361,OSH-1113361,3,CR,AROT,-535.000,08012018,08012018,NET15,,,ACCTDOSH,,,,N,,,,N,,,1,,,,,1,U,535.000,7350,1290000,0131900000,73504032,,2015,0001,,,,,,,000101,,,,,,,,,,,,,,,,,,,,,,,,,,,,,,,,,,,,,,,,,,,,
7350,OSHAINF13266,08012018,B,-208.250,1,L,1,OSH000001154506,OSH-1154506,3,CR,AROT,-208.250,08012018,08012018,NET15,,,ACCTDOSH,,,,N,,,,N,,,1,,,,,100,A,-208.250,7350,1209900,,73504502,,2015,0001,,,,,,,000101,,,,,,,,,,,,,,,,,,,,,,,,,,,,,,,,,,,,,,,,,,,,
7350,OSHAINF13266,08012018,B,-208.250,1,L,1,OSH000001154506,OSH-1154506,3,CR,AROT,-208.250,08012018,08012018,NET15,,,ACCTDOSH,,,,N,,,,N,,,1,,,,,1,U,208.250,7350,1290000,0131900000,73504502,,2015,0001,,,,,,,000101,,,,,,,,,,,,,,,,,,,,,,,,,,,,,,,,,,,,,,,,,,,,
7350,OSHAINF13267,08012018,B,-979.000,1,L,1,OSH000001161661,OSH-1161661,3,CR,AROT,-979.000,08012018,08012018,NET15,,,ACCTDOSH,,,,N,,,,N,,,1,,,,,100,A,-979.000,7350,1209900,,73504035,,2016,0001,,,,,,,000101,,,,,,,,,,,,,,,,,,,,,,,,,,,,,,,,,,,,,,,,,,,,
7350,OSHAINF13267,08012018,B,-979.000,1,L,1,OSH000001161661,OSH-1161661,3,CR,AROT,-979.000,08012018,08012018,NET15,,,ACCTDOSH,,,,N,,,,N,,,1,,,,,1,U,979.000,7350,1290000,0131900000,73504035,,2016,0001,,,,,,,000101,,,,,,,,,,,,,,,,,,,,,,,,,,,,,,,,,,,,,,,,,,,,
7350,OSHAINF13268,08012018,B,-488.000,1,L,1,OSH000001104702,OSH-1104702,3,CR,AROT,-488.000,08012018,08012018,NET15,,,ACCTDOSH,,,,N,,,,N,,,1,,,,,100,A,-488.000,7350,1209900,,73504046,,2015,0001,,,,,,,000101,,,,,,,,,,,,,,,,,,,,,,,,,,,,,,,,,,,,,,,,,,,,
7350,OSHAINF13268,08012018,B,-488.000,1,L,1,OSH000001104702,OSH-1104702,3,CR,AROT,-488.000,08012018,08012018,NET15,,,ACCTDOSH,,,,N,,,,N,,,1,,,,,1,U,488.000,7350,1290000,0131900000,73504046,,2015,0001,,,,,,,000101,,,,,,,,,,,,,,,,,,,,,,,,,,,,,,,,,,,,,,,,,,,,
7350,OSHAINF13269,08012018,B,-285.000,1,L,1,OSH000001192528,OSH-1192528,3,CR,AROT,-285.000,08012018,08012018,NET15,,,ACCTDOSH,,,,N,,,,N,,,1,,,,,100,A,-285.000,7350,1209900,,73504031,,2016,0001,,,,,,,000101,,,,,,,,,,,,,,,,,,,,,,,,,,,,,,,,,,,,,,,,,,,,
7350,OSHAINF13269,08012018,B,-285.000,1,L,1,OSH000001192528,OSH-1192528,3,CR,AROT,-285.000,08012018,08012018,NET15,,,ACCTDOSH,,,,N,,,,N,,,1,,,,,1,U,285.000,7350,1290000,0131900000,73504031,,2016,0001,,,,,,,000101,,,,,,,,,,,,,,,,,,,,,,,,,,,,,,,,,,,,,,,,,,,,
7350,OSHAINF13270,08012018,B,-375.000,1,L,1,OSH000001180079,OSH-1180079,3,CR,AROT,-375.000,08012018,08012018,NET15,,,ACCTDOSH,,,,N,,,,N,,,1,,,,,100,A,-375.000,7350,1209900,,73504014,,2016,0001,,,,,,,000101,,,,,,,,,,,,,,,,,,,,,,,,,,,,,,,,,,,,,,,,,,,,
7350,OSHAINF13270,08012018,B,-375.000,1,L,1,OSH000001180079,OSH-1180079,3,CR,AROT,-375.000,08012018,08012018,NET15,,,ACCTDOSH,,,,N,,,,N,,,1,,,,,1,U,375.000,7350,1290000,0131900000,73504014,,2016,0001,,,,,,,000101,,,,,,,,,,,,,,,,,,,,,,,,,,,,,,,,,,,,,,,,,,,,
7350,OSHAINF13271,08012018,B,-375.000,1,L,1,OSH000001192363,OSH-1192363,3,CR,AROT,-375.000,08012018,08012018,NET15,,,ACCTDOSH,,,,N,,,,N,,,1,,,,,100,A,-375.000,7350,1209900,,73504033,,2016,0001,,,,,,,000101,,,,,,,,,,,,,,,,,,,,,,,,,,,,,,,,,,,,,,,,,,,,
7350,OSHAINF13271,08012018,B,-375.000,1,L,1,OSH000001192363,OSH-1192363,3,CR,AROT,-375.000,08012018,08012018,NET15,,,ACCTDOSH,,,,N,,,,N,,,1,,,,,1,U,375.000,7350,1290000,0131900000,73504033,,2016,0001,,,,,,,000101,,,,,,,,,,,,,,,,,,,,,,,,,,,,,,,,,,,,,,,,,,,,
7350,OSHAINF13272,08012018,B,-521.250,1,L,1,OSH000001128206,OSH-1128206,3,CR,AROT,-521.250,08012018,08012018,NET15,,,ACCTDOSH,,,,N,,,,N,,,1,,,,,100,A,-521.250,7350,1209900,,73504032,,2016,0001,,,,,,,000101,,,,,,,,,,,,,,,,,,,,,,,,,,,,,,,,,,,,,,,,,,,,
7350,OSHAINF13272,08012018,B,-521.250,1,L,1,OSH000001128206,OSH-1128206,3,CR,AROT,-521.250,08012018,08012018,NET15,,,ACCTDOSH,,,,N,,,,N,,,1,,,,,1,U,521.250,7350,1290000,0131900000,73504032,,2016,0001,,,,,,,000101,,,,,,,,,,,,,,,,,,,,,,,,,,,,,,,,,,,,,,,,,,,,
7350,OSHAINF13273,08012018,B,-1256.250,1,L,1,OSH000001098140,OSH-1098140,3,CR,AROT,-1256.250,08012018,08012018,NET15,,,ACCTDOSH,,,,N,,,,N,,,1,,,,,100,A,-1256.250,7350,1209900,,73504041,,2015,0001,,,,,,,000101,,,,,,,,,,,,,,,,,,,,,,,,,,,,,,,,,,,,,,,,,,,,
7350,OSHAINF13273,08012018,B,-1256.250,1,L,1,OSH000001098140,OSH-1098140,3,CR,AROT,-1256.250,08012018,08012018,NET15,,,ACCTDOSH,,,,N,,,,N,,,1,,,,,1,U,1256.250,7350,1290000,0131900000,73504041,,2015,0001,,,,,,,000101,,,,,,,,,,,,,,,,,,,,,,,,,,,,,,,,,,,,,,,,,,,,
7350,OSHAINF13274,08012018,B,-400.000,1,L,1,OSH000001062966,OSH-1062966,3,CR,AROT,-400.000,08012018,08012018,NET15,,,ACCTDOSH,,,,N,,,,N,,,1,,,,,100,A,-400.000,7350,1209900,,73504041,,2015,0001,,,,,,,000101,,,,,,,,,,,,,,,,,,,,,,,,,,,,,,,,,,,,,,,,,,,,
7350,OSHAINF13274,08012018,B,-400.000,1,L,1,OSH000001062966,OSH-1062966,3,CR,AROT,-400.000,08012018,08012018,NET15,,,ACCTDOSH,,,,N,,,,N,,,1,,,,,1,U,400.000,7350,1290000,0131900000,73504041,,2015,0001,,,,,,,000101,,,,,,,,,,,,,,,,,,,,,,,,,,,,,,,,,,,,,,,,,,,,
7350,OSHAINF13275,08012018,B,-100.000,1,L,1,OSH000001185829,OSH-1185829,3,CR,AROT,-100.000,08012018,08012018,NET15,,,ACCTDOSH,,,,N,,,,N,,,1,,,,,100,A,-100.000,7350,1209900,,73504031,,2016,0001,,,,,,,000101,,,,,,,,,,,,,,,,,,,,,,,,,,,,,,,,,,,,,,,,,,,,
7350,OSHAINF13275,08012018,B,-100.000,1,L,1,OSH000001185829,OSH-1185829,3,CR,AROT,-100.000,08012018,08012018,NET15,,,ACCTDOSH,,,,N,,,,N,,,1,,,,,1,U,100.000,7350,1290000,0131900000,73504031,,2016,0001,,,,,,,000101,,,,,,,,,,,,,,,,,,,,,,,,,,,,,,,,,,,,,,,,,,,,
7350,OSHAINF13276,08012018,B,-609.000,1,L,1,OSH000001071164,OSH-1071164,3,CR,AROT,-609.000,08012018,08012018,NET15,,,ACCTDOSH,,,,N,,,,N,,,1,,,,,100,A,-609.000,7350,1209900,,73504046,,2015,0001,,,,,,,000101,,,,,,,,,,,,,,,,,,,,,,,,,,,,,,,,,,,,,,,,,,,,
7350,OSHAINF13276,08012018,B,-609.000,1,L,1,OSH000001071164,OSH-1071164,3,CR,AROT,-609.000,08012018,08012018,NET15,,,ACCTDOSH,,,,N,,,,N,,,1,,,,,1,U,609.000,7350,1290000,0131900000,73504046,,2015,0001,,,,,,,000101,,,,,,,,,,,,,,,,,,,,,,,,,,,,,,,,,,,,,,,,,,,,
7350,OSHAINF13277,08012018,B,-860.400,1,L,1,OSH000001192552,OSH-1192552,3,CR,AROT,-860.400,08012018,08012018,NET15,,,ACCTDOSH,,,,N,,,,N,,,1,,,,,100,A,-860.400,7350,1209900,,73504035,,2016,0001,,,,,,,000101,,,,,,,,,,,,,,,,,,,,,,,,,,,,,,,,,,,,,,,,,,,,
7350,OSHAINF13277,08012018,B,-860.400,1,L,1,OSH000001192552,OSH-1192552,3,CR,AROT,-860.400,08012018,08012018,NET15,,,ACCTDOSH,,,,N,,,,N,,,1,,,,,1,U,860.400,7350,1290000,0131900000,73504035,,2016,0001,,,,,,,000101,,,,,,,,,,,,,,,,,,,,,,,,,,,,,,,,,,,,,,,,,,,,
7350,OSHAINF13278,08012018,B,-2024.000,1,L,1,OSH000001131000,OSH-1131000,3,CR,AROT,-2024.000,08012018,08012018,NET15,,,ACCTDOSH,,,,N,,,,N,,,1,,,,,100,A,-2024.000,7350,1209900,,73504044,,2016,0001,,,,,,,000101,,,,,,,,,,,,,,,,,,,,,,,,,,,,,,,,,,,,,,,,,,,,
7350,OSHAINF13278,08012018,B,-2024.000,1,L,1,OSH000001131000,OSH-1131000,3,CR,AROT,-2024.000,08012018,08012018,NET15,,,ACCTDOSH,,,,N,,,,N,,,1,,,,,1,U,2024.000,7350,1290000,0131900000,73504044,,2016,0001,,,,,,,000101,,,,,,,,,,,,,,,,,,,,,,,,,,,,,,,,,,,,,,,,,,,,
7350,OSHAINF13279,08012018,B,-32.000,1,L,1,OSH000001131000,OSH-1131000,3,CR,AROT,-32.000,08012018,08012018,NET15,,,ACCTDOSH,,,,N,,,,N,,,1,,,,,100,A,-32.000,7350,1209900,,73504044,,2016,0001,,,,,,,000101,,,,,,,,,,,,,,,,,,,,,,,,,,,,,,,,,,,,,,,,,,,,
7350,OSHAINF13279,08012018,B,-32.000,1,L,1,OSH000001131000,OSH-1131000,3,CR,AROT,-32.000,08012018,08012018,NET15,,,ACCTDOSH,,,,N,,,,N,,,1,,,,,1,U,32.000,7350,1290000,0131900000,73504044,,2016,0001,,,,,,,000101,,,,,,,,,,,,,,,,,,,,,,,,,,,,,,,,,,,,,,,,,,,,
7350,OSHAINF13280,08012018,B,-2389.000,1,L,1,OSH000001174481,OSH-1174481,3,CR,AROT,-2389.000,08012018,08012018,NET15,,,ACCTDOSH,,,,N,,,,N,,,1,,,,,100,A,-2389.000,7350,1209900,,73504046,,2016,0001,,,,,,,000101,,,,,,,,,,,,,,,,,,,,,,,,,,,,,,,,,,,,,,,,,,,,
7350,OSHAINF13280,08012018,B,-2389.000,1,L,1,OSH000001174481,OSH-1174481,3,CR,AROT,-2389.000,08012018,08012018,NET15,,,ACCTDOSH,,,,N,,,,N,,,1,,,,,1,U,2389.000,7350,1290000,0131900000,73504046,,2016,0001,,,,,,,000101,,,,,,,,,,,,,,,,,,,,,,,,,,,,,,,,,,,,,,,,,,,,
7350,OSHAINF13281,08012018,B,-230.000,1,L,1,OSH000001169265,OSH-1169265,3,CR,AROT,-230.000,08012018,08012018,NET15,,,ACCTDOSH,,,,N,,,,N,,,1,,,,,100,A,-230.000,7350,1209900,,73504056,,2016,0001,,,,,,,000101,,,,,,,,,,,,,,,,,,,,,,,,,,,,,,,,,,,,,,,,,,,,
7350,OSHAINF13281,08012018,B,-230.000,1,L,1,OSH000001169265,OSH-1169265,3,CR,AROT,-230.000,08012018,08012018,NET15,,,ACCTDOSH,,,,N,,,,N,,,1,,,,,1,U,230.000,7350,1290000,0131900000,73504056,,2016,0001,,,,,,,000101,,,,,,,,,,,,,,,,,,,,,,,,,,,,,,,,,,,,,,,,,,,,
7350,OSHAINF13282,08012018,B,-230.000,1,L,1,OSH000001175863,OSH-1175863,3,CR,AROT,-230.000,08012018,08012018,NET15,,,ACCTDOSH,,,,N,,,,N,,,1,,,,,100,A,-230.000,7350,1209900,,73504056,,2016,0001,,,,,,,000101,,,,,,,,,,,,,,,,,,,,,,,,,,,,,,,,,,,,,,,,,,,,
7350,OSHAINF13282,08012018,B,-230.000,1,L,1,OSH000001175863,OSH-1175863,3,CR,AROT,-230.000,08012018,08012018,NET15,,,ACCTDOSH,,,,N,,,,N,,,1,,,,,1,U,230.000,7350,1290000,0131900000,73504056,,2016,0001,,,,,,,000101,,,,,,,,,,,,,,,,,,,,,,,,,,,,,,,,,,,,,,,,,,,,
7350,OSHAINF13283,08012018,B,-268.000,1,L,1,OSH000001091572,OSH-1091572,3,CR,AROT,-268.000,08012018,08012018,NET15,,,ACCTDOSH,,,,N,,,,N,,,1,,,,,100,A,-268.000,7350,1209900,,73504033,,2015,0001,,,,,,,000101,,,,,,,,,,,,,,,,,,,,,,,,,,,,,,,,,,,,,,,,,,,,
7350,OSHAINF13283,08012018,B,-268.000,1,L,1,OSH000001091572,OSH-1091572,3,CR,AROT,-268.000,08012018,08012018,NET15,,,ACCTDOSH,,,,N,,,,N,,,1,,,,,1,U,268.000,7350,1290000,0131900000,73504033,,2015,0001,,,,,,,000101,,,,,,,,,,,,,,,,,,,,,,,,,,,,,,,,,,,,,,,,,,,,
7350,OSHAINF13284,08012018,B,-875.000,1,L,1,OSH000001170785,OSH-1170785,3,CR,AROT,-875.000,08012018,08012018,NET15,,,ACCTDOSH,,,,N,,,,N,,,1,,,,,100,A,-875.000,7350,1209900,,73504032,,2016,0001,,,,,,,000101,,,,,,,,,,,,,,,,,,,,,,,,,,,,,,,,,,,,,,,,,,,,
7350,OSHAINF13284,08012018,B,-875.000,1,L,1,OSH000001170785,OSH-1170785,3,CR,AROT,-875.000,08012018,08012018,NET15,,,ACCTDOSH,,,,N,,,,N,,,1,,,,,1,U,875.000,7350,1290000,0131900000,73504032,,2016,0001,,,,,,,000101,,,,,,,,,,,,,,,,,,,,,,,,,,,,,,,,,,,,,,,,,,,,
7350,OSHAINF13285,08012018,B,-350.000,1,L,1,OSH000001198273,OSH-1198273,3,CR,AROT,-350.000,08012018,08012018,NET15,,,ACCTDOSH,,,,N,,,,N,,,1,,,,,100,A,-350.000,7350,1209900,,73504044,,2016,0001,,,,,,,000101,,,,,,,,,,,,,,,,,,,,,,,,,,,,,,,,,,,,,,,,,,,,
7350,OSHAINF13285,08012018,B,-350.000,1,L,1,OSH000001198273,OSH-1198273,3,CR,AROT,-350.000,08012018,08012018,NET15,,,ACCTDOSH,,,,N,,,,N,,,1,,,,,1,U,350.000,7350,1290000,0131900000,73504044,,2016,0001,,,,,,,000101,,,,,,,,,,,,,,,,,,,,,,,,,,,,,,,,,,,,,,,,,,,,
7350,OSHAINF13286,08012018,B,-295.000,1,L,1,OSH000001171690,OSH-1171690,3,CR,AROT,-295.000,08012018,08012018,NET15,,,ACCTDOSH,,,,N,,,,N,,,1,,,,,100,A,-295.000,7350,1209900,,73504033,,2016,0001,,,,,,,000101,,,,,,,,,,,,,,,,,,,,,,,,,,,,,,,,,,,,,,,,,,,,
7350,OSHAINF13286,08012018,B,-295.000,1,L,1,OSH000001171690,OSH-1171690,3,CR,AROT,-295.000,08012018,08012018,NET15,,,ACCTDOSH,,,,N,,,,N,,,1,,,,,1,U,295.000,7350,1290000,0131900000,73504033,,2016,0001,,,,,,,000101,,,,,,,,,,,,,,,,,,,,,,,,,,,,,,,,,,,,,,,,,,,,
7350,OSHAINF13287,08012018,B,-45.000,1,L,1,OSH000001097640,OSH-1097640,3,CR,AROT,-45.000,08012018,08012018,NET15,,,ACCTDOSH,,,,N,,,,N,,,1,,,,,100,A,-45.000,7350,1209900,,73504025,,2015,0001,,,,,,,000101,,,,,,,,,,,,,,,,,,,,,,,,,,,,,,,,,,,,,,,,,,,,
7350,OSHAINF13287,08012018,B,-45.000,1,L,1,OSH000001097640,OSH-1097640,3,CR,AROT,-45.000,08012018,08012018,NET15,,,ACCTDOSH,,,,N,,,,N,,,1,,,,,1,U,45.000,7350,1290000,0131900000,73504025,,2015,0001,,,,,,,000101,,,,,,,,,,,,,,,,,,,,,,,,,,,,,,,,,,,,,,,,,,,,
7350,OSHAINF13288,08012018,B,-1800.000,1,L,1,OSH000001233580,OSH-1233580,3,CR,AROT,-1800.000,08012018,08012018,NET15,,,ACCTDOSH,,,,N,,,,N,,,1,,,,,100,A,-1800.000,7350,1209900,,73504046,,2016,0001,,,,,,,000101,,,,,,,,,,,,,,,,,,,,,,,,,,,,,,,,,,,,,,,,,,,,
7350,OSHAINF13288,08012018,B,-1800.000,1,L,1,OSH000001233580,OSH-1233580,3,CR,AROT,-1800.000,08012018,08012018,NET15,,,ACCTDOSH,,,,N,,,,N,,,1,,,,,1,U,1800.000,7350,1290000,0131900000,73504046,,2016,0001,,,,,,,000101,,,,,,,,,,,,,,,,,,,,,,,,,,,,,,,,,,,,,,,,,,,,
7350,OSHAINF13289,08012018,B,-479.160,1,L,1,OSH000001193071,OSH-1193071,3,CR,AROT,-479.160,08012018,08012018,NET15,,,ACCTDOSH,,,,N,,,,N,,,1,,,,,100,A,-479.160,7350,1209900,,73504014,,2016,0001,,,,,,,000101,,,,,,,,,,,,,,,,,,,,,,,,,,,,,,,,,,,,,,,,,,,,
7350,OSHAINF13289,08012018,B,-479.160,1,L,1,OSH000001193071,OSH-1193071,3,CR,AROT,-479.160,08012018,08012018,NET15,,,ACCTDOSH,,,,N,,,,N,,,1,,,,,1,U,479.160,7350,1290000,0131900000,73504014,,2016,0001,,,,,,,000101,,,,,,,,,,,,,,,,,,,,,,,,,,,,,,,,,,,,,,,,,,,,
7350,OSHAINF13290,08012018,B,-590.000,1,L,1,OSH000001182628,OSH-1182628,3,CR,AROT,-590.000,08012018,08012018,NET15,,,ACCTDOSH,,,,N,,,,N,,,1,,,,,100,A,-590.000,7350,1209900,,73504012,,2016,0001,,,,,,,000101,,,,,,,,,,,,,,,,,,,,,,,,,,,,,,,,,,,,,,,,,,,,
7350,OSHAINF13290,08012018,B,-590.000,1,L,1,OSH000001182628,OSH-1182628,3,CR,AROT,-590.000,08012018,08012018,NET15,,,ACCTDOSH,,,,N,,,,N,,,1,,,,,1,U,590.000,7350,1290000,0131900000,73504012,,2016,0001,,,,,,,000101,,,,,,,,,,,,,,,,,,,,,,,,,,,,,,,,,,,,,,,,,,,,
7350,OSHAINF13291,08012018,B,-289.000,1,L,1,OSH000001126346,OSH-1126346,3,CR,AROT,-289.000,08012018,08012018,NET15,,,ACCTDOSH,,,,N,,,,N,,,1,,,,,100,A,-289.000,7350,1209900,,73504021,,2016,0001,,,,,,,000101,,,,,,,,,,,,,,,,,,,,,,,,,,,,,,,,,,,,,,,,,,,,
7350,OSHAINF13291,08012018,B,-289.000,1,L,1,OSH000001126346,OSH-1126346,3,CR,AROT,-289.000,08012018,08012018,NET15,,,ACCTDOSH,,,,N,,,,N,,,1,,,,,1,U,289.000,7350,1290000,0131900000,73504021,,2016,0001,,,,,,,000101,,,,,,,,,,,,,,,,,,,,,,,,,,,,,,,,,,,,,,,,,,,,
7350,OSHAINF13292,08012018,B,-275.400,1,L,1,OSH000001211725,OSH-1211725,3,CR,AROT,-275.400,08012018,08012018,NET15,,,ACCTDOSH,,,,N,,,,N,,,1,,,,,100,A,-275.400,7350,1209900,,73504056,,2016,0001,,,,,,,000101,,,,,,,,,,,,,,,,,,,,,,,,,,,,,,,,,,,,,,,,,,,,
7350,OSHAINF13292,08012018,B,-275.400,1,L,1,OSH000001211725,OSH-1211725,3,CR,AROT,-275.400,08012018,08012018,NET15,,,ACCTDOSH,,,,N,,,,N,,,1,,,,,1,U,275.400,7350,1290000,0131900000,73504056,,2016,0001,,,,,,,000101,,,,,,,,,,,,,,,,,,,,,,,,,,,,,,,,,,,,,,,,,,,,
7350,OSHAINF13293,08012018,B,-1400.000,1,L,1,OSH000001130690,OSH-1130690,3,CR,AROT,-1400.000,08012018,08012018,NET15,,,ACCTDOSH,,,,N,,,,N,,,1,,,,,100,A,-1400.000,7350,1209900,,73504035,,2016,0001,,,,,,,000101,,,,,,,,,,,,,,,,,,,,,,,,,,,,,,,,,,,,,,,,,,,,
7350,OSHAINF13293,08012018,B,-1400.000,1,L,1,OSH000001130690,OSH-1130690,3,CR,AROT,-1400.000,08012018,08012018,NET15,,,ACCTDOSH,,,,N,,,,N,,,1,,,,,1,U,1400.000,7350,1290000,0131900000,73504035,,2016,0001,,,,,,,000101,,,,,,,,,,,,,,,,,,,,,,,,,,,,,,,,,,,,,,,,,,,,
7350,OSHAINF13294,08012018,B,-893.750,1,L,1,OSH000001040492,OSH-1040492,3,CR,AROT,-893.750,08012018,08012018,NET15,,,ACCTDOSH,,,,N,,,,N,,,1,,,,,100,A,-893.750,7350,1209900,,73504032,,2014,0001,,,,,,,000101,,,,,,,,,,,,,,,,,,,,,,,,,,,,,,,,,,,,,,,,,,,,
7350,OSHAINF13294,08012018,B,-893.750,1,L,1,OSH000001040492,OSH-1040492,3,CR,AROT,-893.750,08012018,08012018,NET15,,,ACCTDOSH,,,,N,,,,N,,,1,,,,,1,U,893.750,7350,1290000,0131900000,73504032,,2014,0001,,,,,,,000101,,,,,,,,,,,,,,,,,,,,,,,,,,,,,,,,,,,,,,,,,,,,
7350,OSHAINF13295,08012018,B,-7000.000,1,L,1,OSH000001185038,OSH-1185038,3,CR,AROT,-7000.000,08012018,07032018,NET15,,,ACCTDOSH,,,,N,,,,N,,,1,,,,,100,A,-7000.000,7350,1209900,,73504012,,2016,0001,,,,,,,000101,,,,,,,,,,,,,,,,,,,,,,,,,,,,,,,,,,,,,,,,,,,,
7350,OSHAINF13295,08012018,B,-7000.000,1,L,1,OSH000001185038,OSH-1185038,3,CR,AROT,-7000.000,08012018,07032018,NET15,,,ACCTDOSH,,,,N,,,,N,,,1,,,,,1,U,7000.000,7350,1290000,0131900000,73504012,,2016,0001,,,,,,,000101,,,,,,,,,,,,,,,,,,,,,,,,,,,,,,,,,,,,,,,,,,,,
7350,OSHAINF13296,08012018,B,-550.000,1,L,1,OSH000001147445,OSH-1147445,3,CR,AROT,-550.000,08012018,07302018,NET15,,,ACCTDOSH,,,,N,,,,N,,,1,,,,,100,A,-550.000,7350,1209900,,73504035,,2016,0001,,,,,,,000101,,,,,,,,,,,,,,,,,,,,,,,,,,,,,,,,,,,,,,,,,,,,
7350,OSHAINF13296,08012018,B,-550.000,1,L,1,OSH000001147445,OSH-1147445,3,CR,AROT,-550.000,08012018,07302018,NET15,,,ACCTDOSH,,,,N,,,,N,,,1,,,,,1,U,550.000,7350,1290000,0131900000,73504035,,2016,0001,,,,,,,000101,,,,,,,,,,,,,,,,,,,,,,,,,,,,,,,,,,,,,,,,,,,,
7350,OSHAINF13297,08012018,B,-80.000,1,L,1,OSH000001224735,OSH-1224735,3,CR,AROT,-80.000,08012018,07302018,NET15,,,ACCTDOSH,,,,N,,,,N,,,1,,,,,100,A,-80.000,7350,1209900,,73504059,,2016,0001,,,,,,,000101,,,,,,,,,,,,,,,,,,,,,,,,,,,,,,,,,,,,,,,,,,,,
7350,OSHAINF13297,08012018,B,-80.000,1,L,1,OSH000001224735,OSH-1224735,3,CR,AROT,-80.000,08012018,07302018,NET15,,,ACCTDOSH,,,,N,,,,N,,,1,,,,,1,U,80.000,7350,1290000,0131900000,73504059,,2016,0001,,,,,,,000101,,,,,,,,,,,,,,,,,,,,,,,,,,,,,,,,,,,,,,,,,,,,
7350,OSHAINF13298,08012018,B,-30.000,1,L,1,OSH000001192872,OSH-1192872,3,CR,AROT,-30.000,08012018,07312018,NET15,,,ACCTDOSH,,,,N,,,,N,,,1,,,,,100,A,-30.000,7350,1209900,,73504025,,2016,0001,,,,,,,000101,,,,,,,,,,,,,,,,,,,,,,,,,,,,,,,,,,,,,,,,,,,,
7350,OSHAINF13298,08012018,B,-30.000,1,L,1,OSH000001192872,OSH-1192872,3,CR,AROT,-30.000,08012018,07312018,NET15,,,ACCTDOSH,,,,N,,,,N,,,1,,,,,1,U,30.000,7350,1290000,0131900000,73504025,,2016,0001,,,,,,,000101,,,,,,,,,,,,,,,,,,,,,,,,,,,,,,,,,,,,,,,,,,,,
7350,OSHAINF13299,08012018,B,-3520.000,1,L,1,OSH000001192872,OSH-1192872,3,CR,AROT,-3520.000,08012018,07312018,NET15,,,ACCTDOSH,,,,N,,,,N,,,1,,,,,100,A,-3520.000,7350,1209900,,73504025,,2016,0001,,,,,,,000101,,,,,,,,,,,,,,,,,,,,,,,,,,,,,,,,,,,,,,,,,,,,
7350,OSHAINF13299,08012018,B,-3520.000,1,L,1,OSH000001192872,OSH-1192872,3,CR,AROT,-3520.000,08012018,07312018,NET15,,,ACCTDOSH,,,,N,,,,N,,,1,,,,,1,U,3520.000,7350,1290000,0131900000,73504025,,2016,0001,,,,,,,000101,,,,,,,,,,,,,,,,,,,,,,,,,,,,,,,,,,,,,,,,,,,,
7350,OSHAINF13300,08012018,B,-1208.000,1,L,1,OSH000001192872,OSH-1192872,3,CR,AROT,-1208.000,08012018,07312018,NET15,,,ACCTDOSH,,,,N,,,,N,,,1,,,,,100,A,-1208.000,7350,1209900,,73504025,,2016,0001,,,,,,,000101,,,,,,,,,,,,,,,,,,,,,,,,,,,,,,,,,,,,,,,,,,,,
7350,OSHAINF13300,08012018,B,-1208.000,1,L,1,OSH000001192872,OSH-1192872,3,CR,AROT,-1208.000,08012018,07312018,NET15,,,ACCTDOSH,,,,N,,,,N,,,1,,,,,1,U,1208.000,7350,1290000,0131900000,73504025,,2016,0001,,,,,,,000101,,,,,,,,,,,,,,,,,,,,,,,,,,,,,,,,,,,,,,,,,,,,
7350,OSHAINF13301,08012018,B,-242.000,1,L,1,OSH000001154443,OSH-1154443,3,CR,AROT,-242.000,08012018,07302018,NET15,,,ACCTDOSH,,,,N,,,,N,,,1,,,,,100,A,-242.000,7350,1209900,,73504032,,2016,0001,,,,,,,000101,,,,,,,,,,,,,,,,,,,,,,,,,,,,,,,,,,,,,,,,,,,,
7350,OSHAINF13301,08012018,B,-242.000,1,L,1,OSH000001154443,OSH-1154443,3,CR,AROT,-242.000,08012018,07302018,NET15,,,ACCTDOSH,,,,N,,,,N,,,1,,,,,1,U,242.000,7350,1290000,0131900000,73504032,,2016,0001,,,,,,,000101,,,,,,,,,,,,,,,,,,,,,,,,,,,,,,,,,,,,,,,,,,,,
7350,OSHAINF13302,08012018,B,-50.000,1,L,1,OSH000001019526,OSH-1019526,3,CR,AROT,-50.000,08012018,07312018,NET15,,,ACCTDOSH,,,,N,,,,N,,,1,,,,,100,A,-50.000,7350,1209900,,73504044,,2014,0001,,,,,,,000101,,,,,,,,,,,,,,,,,,,,,,,,,,,,,,,,,,,,,,,,,,,,
7350,OSHAINF13302,08012018,B,-50.000,1,L,1,OSH000001019526,OSH-1019526,3,CR,AROT,-50.000,08012018,07312018,NET15,,,ACCTDOSH,,,,N,,,,N,,,1,,,,,1,U,50.000,7350,1290000,0131900000,73504044,,2014,0001,,,,,,,000101,,,,,,,,,,,,,,,,,,,,,,,,,,,,,,,,,,,,,,,,,,,,
7350,OSHAINF13303,08012018,B,-9000.000,1,L,1,OSH000000998234,OSH-998234,3,CR,AROT,-9000.000,08012018,07312018,NET15,,,ACCTDOSH,,,,N,,,,N,,,1,,,,,100,A,-9000.000,7350,1209900,,73504029,,2014,0001,,,,,,,000101,,,,,,,,,,,,,,,,,,,,,,,,,,,,,,,,,,,,,,,,,,,,
7350,OSHAINF13303,08012018,B,-9000.000,1,L,1,OSH000000998234,OSH-998234,3,CR,AROT,-9000.000,08012018,07312018,NET15,,,ACCTDOSH,,,,N,,,,N,,,1,,,,,1,U,9000.000,7350,1290000,0131900000,73504029,,2014,0001,,,,,,,000101,,,,,,,,,,,,,,,,,,,,,,,,,,,,,,,,,,,,,,,,,,,,
7350,OSHAINF13304,08012018,B,-100.000,1,L,1,OSH000001198853,OSH-1198853,3,CR,AROT,-100.000,08012018,07312018,NET15,,,ACCTDOSH,,,,N,,,,N,,,1,,,,,100,A,-100.000,7350,1209900,,73504056,,2016,0001,,,,,,,000101,,,,,,,,,,,,,,,,,,,,,,,,,,,,,,,,,,,,,,,,,,,,
7350,OSHAINF13304,08012018,B,-100.000,1,L,1,OSH000001198853,OSH-1198853,3,CR,AROT,-100.000,08012018,07312018,NET15,,,ACCTDOSH,,,,N,,,,N,,,1,,,,,1,U,100.000,7350,1290000,0131900000,73504056,,2016,0001,,,,,,,000101,,,,,,,,,,,,,,,,,,,,,,,,,,,,,,,,,,,,,,,,,,,,
7350,OSHAINF13305,08012018,B,-287.500,1,L,1,OSH000001174791,OSH-1174791,3,CR,AROT,-287.500,08012018,07312018,NET15,,,ACCTDOSH,,,,N,,,,N,,,1,,,,,100,A,-287.500,7350,1209900,,73504035,,2016,0001,,,,,,,000101,,,,,,,,,,,,,,,,,,,,,,,,,,,,,,,,,,,,,,,,,,,,
7350,OSHAINF13305,08012018,B,-287.500,1,L,1,OSH000001174791,OSH-1174791,3,CR,AROT,-287.500,08012018,07312018,NET15,,,ACCTDOSH,,,,N,,,,N,,,1,,,,,1,U,287.500,7350,1290000,0131900000,73504035,,2016,0001,,,,,,,000101,,,,,,,,,,,,,,,,,,,,,,,,,,,,,,,,,,,,,,,,,,,,
7350,OSHAINF13306,08012018,B,-110.000,1,L,1,OSH000001179679,OSH-1179679,3,CR,AROT,-110.000,08012018,07312018,NET15,,,ACCTDOSH,,,,N,,,,N,,,1,,,,,100,A,-110.000,7350,1209900,,73504056,,2016,0001,,,,,,,000101,,,,,,,,,,,,,,,,,,,,,,,,,,,,,,,,,,,,,,,,,,,,
7350,OSHAINF13306,08012018,B,-110.000,1,L,1,OSH000001179679,OSH-1179679,3,CR,AROT,-110.000,08012018,07312018,NET15,,,ACCTDOSH,,,,N,,,,N,,,1,,,,,1,U,110.000,7350,1290000,0131900000,73504056,,2016,0001,,,,,,,000101,,,,,,,,,,,,,,,,,,,,,,,,,,,,,,,,,,,,,,,,,,,,
7350,OSHAINF13307,08012018,B,-114.000,1,L,1,OSH000001192872,OSH-1192872,3,CR,AROT,-114.000,08012018,07312018,NET15,,,ACCTDOSH,,,,N,,,,N,,,1,,,,,100,A,-114.000,7350,1209900,,73504025,,2016,0001,,,,,,,000101,,,,,,,,,,,,,,,,,,,,,,,,,,,,,,,,,,,,,,,,,,,,
7350,OSHAINF13307,08012018,B,-114.000,1,L,1,OSH000001192872,OSH-1192872,3,CR,AROT,-114.000,08012018,07312018,NET15,,,ACCTDOSH,,,,N,,,,N,,,1,,,,,1,U,114.000,7350,1290000,0131900000,73504025,,2016,0001,,,,,,,000101,,,,,,,,,,,,,,,,,,,,,,,,,,,,,,,,,,,,,,,,,,,,
7350,OSHAINF13308,08012018,B,-320.000,1,L,1,OSH000001192872,OSH-1192872,3,CR,AROT,-320.000,08012018,07312018,NET15,,,ACCTDOSH,,,,N,,,,N,,,1,,,,,100,A,-320.000,7350,1209900,,73504025,,2016,0001,,,,,,,000101,,,,,,,,,,,,,,,,,,,,,,,,,,,,,,,,,,,,,,,,,,,,
7350,OSHAINF13308,08012018,B,-320.000,1,L,1,OSH000001192872,OSH-1192872,3,CR,AROT,-320.000,08012018,07312018,NET15,,,ACCTDOSH,,,,N,,,,N,,,1,,,,,1,U,320.000,7350,1290000,0131900000,73504025,,2016,0001,,,,,,,000101,,,,,,,,,,,,,,,,,,,,,,,,,,,,,,,,,,,,,,,,,,,,
7350,OSHAINF13309,08012018,B,-1208.000,1,L,1,OSH000001192872,OSH-1192872,3,CR,AROT,-1208.000,08012018,07312018,NET15,,,ACCTDOSH,,,,N,,,,N,,,1,,,,,100,A,-1208.000,7350,1209900,,73504025,,2016,0001,,,,,,,000101,,,,,,,,,,,,,,,,,,,,,,,,,,,,,,,,,,,,,,,,,,,,
7350,OSHAINF13309,08012018,B,-1208.000,1,L,1,OSH000001192872,OSH-1192872,3,CR,AROT,-1208.000,08012018,07312018,NET15,,,ACCTDOSH,,,,N,,,,N,,,1,,,,,1,U,1208.000,7350,1290000,0131900000,73504025,,2016,0001,,,,,,,000101,,,,,,,,,,,,,,,,,,,,,,,,,,,,,,,,,,,,,,,,,,,,
7350,OSHAINF13310,08012018,B,-202.500,1,L,1,OSH000001187976,OSH-1187976,3,CR,AROT,-202.500,08012018,07302018,NET15,,,ACCTDOSH,,,,N,,,,N,,,1,,,,,100,A,-202.500,7350,1209900,,73504014,,2016,0001,,,,,,,000101,,,,,,,,,,,,,,,,,,,,,,,,,,,,,,,,,,,,,,,,,,,,
7350,OSHAINF13310,08012018,B,-202.500,1,L,1,OSH000001187976,OSH-1187976,3,CR,AROT,-202.500,08012018,07302018,NET15,,,ACCTDOSH,,,,N,,,,N,,,1,,,,,1,U,202.500,7350,1290000,0131900000,73504014,,2016,0001,,,,,,,000101,,,,,,,,,,,,,,,,,,,,,,,,,,,,,,,,,,,,,,,,,,,,
7350,OSHAINF13311,08012018,B,-141.000,1,L,1,OSH000001168893,OSH-1168893,3,CR,AROT,-141.000,08012018,07302018,NET15,,,ACCTDOSH,,,,N,,,,N,,,1,,,,,100,A,-141.000,7350,1209900,,73504035,,2016,0001,,,,,,,000101,,,,,,,,,,,,,,,,,,,,,,,,,,,,,,,,,,,,,,,,,,,,
7350,OSHAINF13311,08012018,B,-141.000,1,L,1,OSH000001168893,OSH-1168893,3,CR,AROT,-141.000,08012018,07302018,NET15,,,ACCTDOSH,,,,N,,,,N,,,1,,,,,1,U,141.000,7350,1290000,0131900000,73504035,,2016,0001,,,,,,,000101,,,,,,,,,,,,,,,,,,,,,,,,,,,,,,,,,,,,,,,,,,,,
7350,OSHAINF13312,08012018,B,-8885.000,1,L,1,OSH000001201614,OSH-1201614,3,CR,AROT,-8885.000,08012018,07302018,NET15,,,ACCTDOSH,,,,N,,,,N,,,1,,,,,100,A,-8885.000,7350,1209900,,73504025,,2016,0001,,,,,,,000101,,,,,,,,,,,,,,,,,,,,,,,,,,,,,,,,,,,,,,,,,,,,
7350,OSHAINF13312,08012018,B,-8885.000,1,L,1,OSH000001201614,OSH-1201614,3,CR,AROT,-8885.000,08012018,07302018,NET15,,,ACCTDOSH,,,,N,,,,N,,,1,,,,,1,U,8885.000,7350,1290000,0131900000,73504025,,2016,0001,,,,,,,000101,,,,,,,,,,,,,,,,,,,,,,,,,,,,,,,,,,,,,,,,,,,,
7350,OSHAINF13313,08012018,B,-1365.400,1,L,1,OSH000001184887,OSH-1184887,3,CR,AROT,-1365.400,08012018,07312018,NET15,,,ACCTDOSH,,,,N,,,,N,,,1,,,,,100,A,-1365.400,7350,1209900,,73504032,,2016,0001,,,,,,,000101,,,,,,,,,,,,,,,,,,,,,,,,,,,,,,,,,,,,,,,,,,,,
7350,OSHAINF13313,08012018,B,-1365.400,1,L,1,OSH000001184887,OSH-1184887,3,CR,AROT,-1365.400,08012018,07312018,NET15,,,ACCTDOSH,,,,N,,,,N,,,1,,,,,1,U,1365.400,7350,1290000,0131900000,73504032,,2016,0001,,,,,,,000101,,,,,,,,,,,,,,,,,,,,,,,,,,,,,,,,,,,,,,,,,,,,
7350,OSHAINF13314,08012018,B,-194.000,1,L,1,OSH000317729978,OSH-317729978,3,CR,AROT,-194.000,08012018,07312018,NET15,,,ACCTDOSH,,,,N,,,,N,,,1,,,,,100,A,-194.000,7350,1209900,,73504033,,2014,0001,,,,,,,000101,,,,,,,,,,,,,,,,,,,,,,,,,,,,,,,,,,,,,,,,,,,,
7350,OSHAINF13314,08012018,B,-194.000,1,L,1,OSH000317729978,OSH-317729978,3,CR,AROT,-194.000,08012018,07312018,NET15,,,ACCTDOSH,,,,N,,,,N,,,1,,,,,1,U,194.000,7350,1290000,0131900000,73504033,,2014,0001,,,,,,,000101,,,,,,,,,,,,,,,,,,,,,,,,,,,,,,,,,,,,,,,,,,,,
7350,OSHAINF13315,08012018,B,-550.000,1,L,1,OSH000001150402,OSH-1150402,3,CR,AROT,-550.000,08012018,07302018,NET15,,,ACCTDOSH,,,,N,,,,N,,,1,,,,,100,A,-550.000,7350,1209900,,73504046,,2016,0001,,,,,,,000101,,,,,,,,,,,,,,,,,,,,,,,,,,,,,,,,,,,,,,,,,,,,
7350,OSHAINF13315,08012018,B,-550.000,1,L,1,OSH000001150402,OSH-1150402,3,CR,AROT,-550.000,08012018,07302018,NET15,,,ACCTDOSH,,,,N,,,,N,,,1,,,,,1,U,550.000,7350,1290000,0131900000,73504046,,2016,0001,,,,,,,000101,,,,,,,,,,,,,,,,,,,,,,,,,,,,,,,,,,,,,,,,,,,,
7350,OSHAINF13316,08012018,B,-1500.000,1,L,1,OSH000001201614,OSH-1201614,3,CR,AROT,-1500.000,08012018,07302018,NET15,,,ACCTDOSH,,,,N,,,,N,,,1,,,,,100,A,-1500.000,7350,1209900,,73504025,,2016,0001,,,,,,,000101,,,,,,,,,,,,,,,,,,,,,,,,,,,,,,,,,,,,,,,,,,,,
7350,OSHAINF13316,08012018,B,-1500.000,1,L,1,OSH000001201614,OSH-1201614,3,CR,AROT,-1500.000,08012018,07302018,NET15,,,ACCTDOSH,,,,N,,,,N,,,1,,,,,1,U,1500.000,7350,1290000,0131900000,73504025,,2016,0001,,,,,,,000101,,,,,,,,,,,,,,,,,,,,,,,,,,,,,,,,,,,,,,,,,,,,
7350,OSHAINF13317,08012018,B,-60.000,1,L,1,OSH000001186304,OSH-1186304,3,CR,AROT,-60.000,08012018,07312018,NET15,,,ACCTDOSH,,,,N,,,,N,,,1,,,,,100,A,-60.000,7350,1209900,,73504014,,2016,0001,,,,,,,000101,,,,,,,,,,,,,,,,,,,,,,,,,,,,,,,,,,,,,,,,,,,,
7350,OSHAINF13317,08012018,B,-60.000,1,L,1,OSH000001186304,OSH-1186304,3,CR,AROT,-60.000,08012018,07312018,NET15,,,ACCTDOSH,,,,N,,,,N,,,1,,,,,1,U,60.000,7350,1290000,0131900000,73504014,,2016,0001,,,,,,,000101,,,,,,,,,,,,,,,,,,,,,,,,,,,,,,,,,,,,,,,,,,,,
7350,OSHAINF13318,08012018,B,-600.000,1,L,1,OSH000001177349,OSH-1177349,3,CR,AROT,-600.000,08012018,07312018,NET15,,,ACCTDOSH,,,,N,,,,N,,,1,,,,,100,A,-600.000,7350,1209900,,73504031,,2016,0001,,,,,,,000101,,,,,,,,,,,,,,,,,,,,,,,,,,,,,,,,,,,,,,,,,,,,
7350,OSHAINF13318,08012018,B,-600.000,1,L,1,OSH000001177349,OSH-1177349,3,CR,AROT,-600.000,08012018,07312018,NET15,,,ACCTDOSH,,,,N,,,,N,,,1,,,,,1,U,600.000,7350,1290000,0131900000,73504031,,2016,0001,,,,,,,000101,,,,,,,,,,,,,,,,,,,,,,,,,,,,,,,,,,,,,,,,,,,,
7350,OSHAINF13319,08012018,B,-295.000,1,L,1,OSH000001217002,OSH-1217002,3,CR,AROT,-295.000,08012018,07312018,NET15,,,ACCTDOSH,,,,N,,,,N,,,1,,,,,100,A,-295.000,7350,1209900,,73504023,,2016,0001,,,,,,,000101,,,,,,,,,,,,,,,,,,,,,,,,,,,,,,,,,,,,,,,,,,,,
7350,OSHAINF13319,08012018,B,-295.000,1,L,1,OSH000001217002,OSH-1217002,3,CR,AROT,-295.000,08012018,07312018,NET15,,,ACCTDOSH,,,,N,,,,N,,,1,,,,,1,U,295.000,7350,1290000,0131900000,73504023,,2016,0001,,,,,,,000101,,,,,,,,,,,,,,,,,,,,,,,,,,,,,,,,,,,,,,,,,,,,
7350,OSHAINF13320,08012018,B,-797.000,1,L,1,OSH000001191909,OSH-1191909,3,CR,AROT,-797.000,08012018,07302018,NET15,,,ACCTDOSH,,,,N,,,,N,,,1,,,,,100,A,-797.000,7350,1209900,,73504031,,2016,0001,,,,,,,000101,,,,,,,,,,,,,,,,,,,,,,,,,,,,,,,,,,,,,,,,,,,,
7350,OSHAINF13320,08012018,B,-797.000,1,L,1,OSH000001191909,OSH-1191909,3,CR,AROT,-797.000,08012018,07302018,NET15,,,ACCTDOSH,,,,N,,,,N,,,1,,,,,1,U,797.000,7350,1290000,0131900000,73504031,,2016,0001,,,,,,,000101,,,,,,,,,,,,,,,,,,,,,,,,,,,,,,,,,,,,,,,,,,,,
7350,OSHAINF13321,08012018,B,-763.000,1,L,1,OSH000001151739,OSH-1151739,3,CR,AROT,-763.000,08012018,07302018,NET15,,,ACCTDOSH,,,,N,,,,N,,,1,,,,,100,A,-763.000,7350,1209900,,73504502,,2016,0001,,,,,,,000101,,,,,,,,,,,,,,,,,,,,,,,,,,,,,,,,,,,,,,,,,,,,
7350,OSHAINF13321,08012018,B,-763.000,1,L,1,OSH000001151739,OSH-1151739,3,CR,AROT,-763.000,08012018,07302018,NET15,,,ACCTDOSH,,,,N,,,,N,,,1,,,,,1,U,763.000,7350,1290000,0131900000,73504502,,2016,0001,,,,,,,000101,,,,,,,,,,,,,,,,,,,,,,,,,,,,,,,,,,,,,,,,,,,,
7350,OSHAINF13322,08012018,B,-1364.000,1,L,1,OSH000001133655,OSH-1133655,3,CR,AROT,-1364.000,08012018,07312018,NET15,,,ACCTDOSH,,,,N,,,,N,,,1,,,,,100,A,-1364.000,7350,1209900,,73504044,,2016,0001,,,,,,,000101,,,,,,,,,,,,,,,,,,,,,,,,,,,,,,,,,,,,,,,,,,,,
7350,OSHAINF13322,08012018,B,-1364.000,1,L,1,OSH000001133655,OSH-1133655,3,CR,AROT,-1364.000,08012018,07312018,NET15,,,ACCTDOSH,,,,N,,,,N,,,1,,,,,1,U,1364.000,7350,1290000,0131900000,73504044,,2016,0001,,,,,,,000101,,,,,,,,,,,,,,,,,,,,,,,,,,,,,,,,,,,,,,,,,,,,
7350,OSHAINF13323,08012018,B,-450.000,1,L,1,OSH000001077275,OSH-1077275,3,CR,AROT,-450.000,08012018,07302018,NET15,,,ACCTDOSH,,,,N,,,,N,,,1,,,,,100,A,-450.000,7350,1209900,,73504031,,2015,0001,,,,,,,000101,,,,,,,,,,,,,,,,,,,,,,,,,,,,,,,,,,,,,,,,,,,,
7350,OSHAINF13323,08012018,B,-450.000,1,L,1,OSH000001077275,OSH-1077275,3,CR,AROT,-450.000,08012018,07302018,NET15,,,ACCTDOSH,,,,N,,,,N,,,1,,,,,1,U,450.000,7350,1290000,0131900000,73504031,,2015,0001,,,,,,,000101,,,,,,,,,,,,,,,,,,,,,,,,,,,,,,,,,,,,,,,,,,,,
7350,OSHAINF13324,08012018,B,-225.000,1,L,1,OSH000001186304,OSH-1186304,3,CR,AROT,-225.000,08012018,07312018,NET15,,,ACCTDOSH,,,,N,,,,N,,,1,,,,,100,A,-225.000,7350,1209900,,73504014,,2016,0001,,,,,,,000101,,,,,,,,,,,,,,,,,,,,,,,,,,,,,,,,,,,,,,,,,,,,
7350,OSHAINF13324,08012018,B,-225.000,1,L,1,OSH000001186304,OSH-1186304,3,CR,AROT,-225.000,08012018,07312018,NET15,,,ACCTDOSH,,,,N,,,,N,,,1,,,,,1,U,225.000,7350,1290000,0131900000,73504014,,2016,0001,,,,,,,000101,,,,,,,,,,,,,,,,,,,,,,,,,,,,,,,,,,,,,,,,,,,,
7350,OSHAINF13325,08012018,B,-935.000,1,L,1,FISCALOSHAACCT,OSH-1287507,1,CR,APEAL,-935.000,08012018,07262018,NET15,,,ACCTDOSH,,,,N,,,,N,,,1,,,,,100,A,-935.000,7350,1200000,,73504041,,2018,0001,,,,,,,000101,,,,,,,,,,,,,,,,,,,,,,,,,,,,,,,,,,,,,,,,,,,,
7350,OSHAINF13325,08012018,B,-935.000,1,L,1,FISCALOSHAACCT,OSH-1287507,1,CR,APEAL,-935.000,08012018,07262018,NET15,,,ACCTDOSH,,,,N,,,,N,,,1,,,,,1,U,935.000,7350,4173000,4173000005,73504041,,2018,0001,,,,,,,000101,,,,,,,,,,,,,,,,,,,,,,,,,,,,,,,,,,,,,,,,,,,,
7350,OSHAINF13326,08012018,B,-5525.000,1,L,1,FISCALOSHAACCT,OSH-1292505,1,CR,APEAL,-5525.000,08012018,07262018,NET15,,,ACCTDOSH,,,,N,,,,N,,,1,,,,,100,A,-5525.000,7350,1200000,,73504044,,2018,0001,,,,,,,000101,,,,,,,,,,,,,,,,,,,,,,,,,,,,,,,,,,,,,,,,,,,,
7350,OSHAINF13326,08012018,B,-5525.000,1,L,1,FISCALOSHAACCT,OSH-1292505,1,CR,APEAL,-5525.000,08012018,07262018,NET15,,,ACCTDOSH,,,,N,,,,N,,,1,,,,,1,U,5525.000,7350,4173000,4173000005,73504044,,2018,0001,,,,,,,000101,,,,,,,,,,,,,,,,,,,,,,,,,,,,,,,,,,,,,,,,,,,,
7350,OSHAINF13327,08012018,B,-5000.000,1,L,1,FISCALOSHAACCT,OSH-1297350,1,CR,APEAL,-5000.000,08012018,07272018,NET15,,,ACCTDOSH,,,,N,,,,N,,,1,,,,,100,A,-5000.000,7350,1200000,,73504029,,2018,0001,,,,,,,000101,,,,,,,,,,,,,,,,,,,,,,,,,,,,,,,,,,,,,,,,,,,,
7350,OSHAINF13327,08012018,B,-5000.000,1,L,1,FISCALOSHAACCT,OSH-1297350,1,CR,APEAL,-5000.000,08012018,07272018,NET15,,,ACCTDOSH,,,,N,,,,N,,,1,,,,,1,U,5000.000,7350,4173000,4173000005,73504029,,2018,0001,,,,,,,000101,,,,,,,,,,,,,,,,,,,,,,,,,,,,,,,,,,,,,,,,,,,,
7350,OSHAINF13328,08012018,B,-5750.000,1,L,1,FISCALOSHAACCT,OSH-1288131,1,CR,APEAL,-5750.000,08012018,06042018,NET15,,,ACCTDOSH,,,,N,,,,N,,,1,,,,,100,A,-5750.000,7350,1200000,,73504011,,2017,0223,,,,,,,022304,,,,,,,,,,,,,,,,,,,,,,,,,,,,,,,,,,,,,,,,,,,,
7350,OSHAINF13328,08012018,B,-5750.000,1,L,1,FISCALOSHAACCT,OSH-1288131,1,CR,APEAL,-5750.000,08012018,06042018,NET15,,,ACCTDOSH,,,,N,,,,N,,,1,,,,,1,U,5750.000,7350,4173000,4173000008,73504011,,2017,0223,,,,,,,022304,,,,,,,,,,,,,,,,,,,,,,,,,,,,,,,,,,,,,,,,,,,,
7350,OSHAINF13329,08012018,B,-18000.000,1,L,1,FISCALOSHAACCT,OSH-1295642,1,CR,APEAL,-18000.000,08012018,07242018,NET15,,,ACCTDOSH,,,,N,,,,N,,,1,,,,,100,A,-18000.000,7350,1200000,,73504033,,2018,0001,,,,,,,000101,,,,,,,,,,,,,,,,,,,,,,,,,,,,,,,,,,,,,,,,,,,,
7350,OSHAINF13329,08012018,B,-18000.000,1,L,1,FISCALOSHAACCT,OSH-1295642,1,CR,APEAL,-18000.000,08012018,07242018,NET15,,,ACCTDOSH,,,,N,,,,N,,,1,,,,,1,U,18000.000,7350,4173000,4173000005,73504033,,2018,0001,,,,,,,000101,,,,,,,,,,,,,,,,,,,,,,,,,,,,,,,,,,,,,,,,,,,,
7350,OSHAINF13330,08012018,B,-5000.000,1,L,1,FISCALOSHAACCT,OSH-1313229,1,CR,APEAL,-5000.000,08012018,07262018,NET15,,,ACCTDOSH,,,,N,,,,N,,,1,,,,,100,A,-5000.000,7350,1200000,,73504016,,2018,0001,,,,,,,000101,,,,,,,,,,,,,,,,,,,,,,,,,,,,,,,,,,,,,,,,,,,,
7350,OSHAINF13330,08012018,B,-5000.000,1,L,1,FISCALOSHAACCT,OSH-1313229,1,CR,APEAL,-5000.000,08012018,07262018,NET15,,,ACCTDOSH,,,,N,,,,N,,,1,,,,,1,U,5000.000,7350,4173000,4173000005,73504016,,2018,0001,,,,,,,000101,,,,,,,,,,,,,,,,,,,,,,,,,,,,,,,,,,,,,,,,,,,,
7350,OSHAINF13331,08012018,B,-18000.000,1,L,1,FISCALOSHAACCT,OSH-1290990,1,CR,APEAL,-18000.000,08012018,07272018,NET15,,,ACCTDOSH,,,,N,,,,N,,,1,,,,,100,A,-18000.000,7350,1200000,,73504035,,2018,0001,,,,,,,000101,,,,,,,,,,,,,,,,,,,,,,,,,,,,,,,,,,,,,,,,,,,,
7350,OSHAINF13331,08012018,B,-18000.000,1,L,1,FISCALOSHAACCT,OSH-1290990,1,CR,APEAL,-18000.000,08012018,07272018,NET15,,,ACCTDOSH,,,,N,,,,N,,,1,,,,,1,U,18000.000,7350,4173000,4173000005,73504035,,2018,0001,,,,,,,000101,,,,,,,,,,,,,,,,,,,,,,,,,,,,,,,,,,,,,,,,,,,,
7350,OSHAINF13332,08012018,B,-16650.000,1,L,1,FISCALOSHAACCT,OSH-1296608,1,CR,APEAL,-16650.000,08012018,07302018,NET15,,,ACCTDOSH,,,,N,,,,N,,,1,,,,,100,A,-16650.000,7350,1200000,,73504502,,2018,0001,,,,,,,000101,,,,,,,,,,,,,,,,,,,,,,,,,,,,,,,,,,,,,,,,,,,,
7350,OSHAINF13332,08012018,B,-16650.000,1,L,1,FISCALOSHAACCT,OSH-1296608,1,CR,APEAL,-16650.000,08012018,07302018,NET15,,,ACCTDOSH,,,,N,,,,N,,,1,,,,,1,U,16650.000,7350,4173000,4173000005,73504502,,2018,0001,,,,,,,000101,,,,,,,,,,,,,,,,,,,,,,,,,,,,,,,,,,,,,,,,,,,,
7350,OSHAINF13333,08012018,B,-5400.000,1,L,1,FISCALOSHAACCT,OSH-1322220,1,CR,APEAL,-5400.000,08012018,07272018,NET15,,,ACCTDOSH,,,,N,,,,N,,,1,,,,,100,A,-5400.000,7350,1200000,,73504071,,2018,0001,,,,,,,000101,,,,,,,,,,,,,,,,,,,,,,,,,,,,,,,,,,,,,,,,,,,,
7350,OSHAINF13333,08012018,B,-5400.000,1,L,1,FISCALOSHAACCT,OSH-1322220,1,CR,APEAL,-5400.000,08012018,07272018,NET15,,,ACCTDOSH,,,,N,,,,N,,,1,,,,,1,U,5400.000,7350,4173000,4173000005,73504071,,2018,0001,,,,,,,000101,,,,,,,,,,,,,,,,,,,,,,,,,,,,,,,,,,,,,,,,,,,,
7350,OSHAINF13334,08012018,B,-7200.000,1,L,1,FISCALOSHAACCT,OSH-1308813,1,CR,APEAL,-7200.000,08012018,07162018,NET15,,,ACCTDOSH,,,,N,,,,N,,,1,,,,,100,A,-7200.000,7350,1200000,,73504031,,2018,0001,,,,,,,000101,,,,,,,,,,,,,,,,,,,,,,,,,,,,,,,,,,,,,,,,,,,,
7350,OSHAINF13334,08012018,B,-7200.000,1,L,1,FISCALOSHAACCT,OSH-1308813,1,CR,APEAL,-7200.000,08012018,07162018,NET15,,,ACCTDOSH,,,,N,,,,N,,,1,,,,,1,U,7200.000,7350,4173000,4173000005,73504031,,2018,0001,,,,,,,000101,,,,,,,,,,,,,,,,,,,,,,,,,,,,,,,,,,,,,,,,,,,,
7350,OSHAINF13335,08012018,B,-16130.000,1,L,1,FISCALOSHAACCT,OSH-1294124,1,CR,APEAL,-16130.000,08012018,07162018,NET15,,,ACCTDOSH,,,,N,,,,N,,,1,,,,,100,A,-16130.000,7350,1200000,,73504033,,2018,0001,,,,,,,000101,,,,,,,,,,,,,,,,,,,,,,,,,,,,,,,,,,,,,,,,,,,,
7350,OSHAINF13335,08012018,B,-16130.000,1,L,1,FISCALOSHAACCT,OSH-1294124,1,CR,APEAL,-16130.000,08012018,07162018,NET15,,,ACCTDOSH,,,,N,,,,N,,,1,,,,,1,U,16130.000,7350,4173000,4173000005,73504033,,2018,0001,,,,,,,000101,,,,,,,,,,,,,,,,,,,,,,,,,,,,,,,,,,,,,,,,,,,,
7350,OSHAINF13336,08012018,B,-53719.000,1,L,1,FISCALOSHAACCT,OSH-1285470,1,CR,APEAL,-53719.000,08012018,07032018,NET15,,,ACCTDOSH,,,,N,,,,N,,,1,,,,,100,A,-53719.000,7350,1200000,,73504031,,2017,0001,,,,,,,000101,,,,,,,,,,,,,,,,,,,,,,,,,,,,,,,,,,,,,,,,,,,,
7350,OSHAINF13336,08012018,B,-53719.000,1,L,1,FISCALOSHAACCT,OSH-1285470,1,CR,APEAL,-53719.000,08012018,07032018,NET15,,,ACCTDOSH,,,,N,,,,N,,,1,,,,,1,U,53719.000,7350,4173000,4173000005,73504031,,2017,0001,,,,,,,000101,,,,,,,,,,,,,,,,,,,,,,,,,,,,,,,,,,,,,,,,,,,,
7350,OSHAINF13337,08012018,B,-29700.000,1,L,1,FISCALOSHAACCT,OSH-1295239,1,CR,APEAL,-29700.000,08012018,07182018,NET15,,,ACCTDOSH,,,,N,,,,N,,,1,,,,,100,A,-29700.000,7350,1200000,,73504036,,2018,0001,,,,,,,000101,,,,,,,,,,,,,,,,,,,,,,,,,,,,,,,,,,,,,,,,,,,,
7350,OSHAINF13337,08012018,B,-29700.000,1,L,1,FISCALOSHAACCT,OSH-1295239,1,CR,APEAL,-29700.000,08012018,07182018,NET15,,,ACCTDOSH,,,,N,,,,N,,,1,,,,,1,U,29700.000,7350,4173000,4173000005,73504036,,2018,0001,,,,,,,000101,,,,,,,,,,,,,,,,,,,,,,,,,,,,,,,,,,,,,,,,,,,,
7350,OSHAINF13338,08012018,B,-5500.000,1,L,1,FISCALOSHAACCT,OSH-1293368,1,CR,APEAL,-5500.000,08012018,07192018,NET15,,,ACCTDOSH,,,,N,,,,N,,,1,,,,,100,A,-5500.000,7350,1200000,,73504025,,2018,0001,,,,,,,000101,,,,,,,,,,,,,,,,,,,,,,,,,,,,,,,,,,,,,,,,,,,,
7350,OSHAINF13338,08012018,B,-5500.000,1,L,1,FISCALOSHAACCT,OSH-1293368,1,CR,APEAL,-5500.000,08012018,07192018,NET15,,,ACCTDOSH,,,,N,,,,N,,,1,,,,,1,U,5500.000,7350,4173000,4173000005,73504025,,2018,0001,,,,,,,000101,,,,,,,,,,,,,,,,,,,,,,,,,,,,,,,,,,,,,,,,,,,,
7350,OSHAINF13339,08012018,B,-4540.000,1,L,1,FISCALOSHAACCT,OSH-1283955,1,CR,APEAL,-4540.000,08012018,06292018,NET15,,,ACCTDOSH,,,,N,,,,N,,,1,,,,,100,A,-4540.000,7350,1200000,,73504032,,2017,0001,,,,,,,000101,,,,,,,,,,,,,,,,,,,,,,,,,,,,,,,,,,,,,,,,,,,,
7350,OSHAINF13339,08012018,B,-4540.000,1,L,1,FISCALOSHAACCT,OSH-1283955,1,CR,APEAL,-4540.000,08012018,06292018,NET15,,,ACCTDOSH,,,,N,,,,N,,,1,,,,,1,U,4540.000,7350,4173000,4173000005,73504032,,2017,0001,,,,,,,000101,,,,,,,,,,,,,,,,,,,,,,,,,,,,,,,,,,,,,,,,,,,,
7350,OSHAINF13340,08012018,B,-450.000,1,L,1,FISCALOSHAACCT,OSH-1325892,1,CR,APEAL,-450.000,08012018,07272018,NET15,,,ACCTDOSH,,,,N,,,,N,,,1,,,,,100,A,-450.000,7350,1200000,,73504073,,2018,0001,,,,,,,000101,,,,,,,,,,,,,,,,,,,,,,,,,,,,,,,,,,,,,,,,,,,,
7350,OSHAINF13340,08012018,B,-450.000,1,L,1,FISCALOSHAACCT,OSH-1325892,1,CR,APEAL,-450.000,08012018,07272018,NET15,,,ACCTDOSH,,,,N,,,,N,,,1,,,,,1,U,450.000,7350,4173000,4173000005,73504073,,2018,0001,,,,,,,000101,,,,,,,,,,,,,,,,,,,,,,,,,,,,,,,,,,,,,,,,,,,,
7350,OSHAINF13341,08012018,B,-315.000,1,L,1,FISCALOSHAACCT,OSH-1311016,1,CR,APEAL,-315.000,08012018,07262018,NET15,,,ACCTDOSH,,,,N,,,,N,,,1,,,,,100,A,-315.000,7350,1200000,,73504073,,2018,0001,,,,,,,000101,,,,,,,,,,,,,,,,,,,,,,,,,,,,,,,,,,,,,,,,,,,,
7350,OSHAINF13341,08012018,B,-315.000,1,L,1,FISCALOSHAACCT,OSH-1311016,1,CR,APEAL,-315.000,08012018,07262018,NET15,,,ACCTDOSH,,,,N,,,,N,,,1,,,,,1,U,315.000,7350,4173000,4173000005,73504073,,2018,0001,,,,,,,000101,,,,,,,,,,,,,,,,,,,,,,,,,,,,,,,,,,,,,,,,,,,,
7350,PVINF13422,08012018,B,-45.000,1,L,1,PV0000000000411,PV-M387571,0,CR,ERROR,-45.000,08012018,08012018,NET0,,,ACCTDOSH,,,,N,,,,N,,,1,,,,,100,A,-45.000,7350,1200000,,73504000,,2018,0453,,,,,,,,,,,,,,,,,,,,,,,,,,,,,,,,,,,,,,,,,,,,,,,,,,,
7350,PVINF13422,08012018,B,-45.000,1,L,1,PV0000000000411,PV-M387571,0,CR,ERROR,-45.000,08012018,08012018,NET0,,,ACCTDOSH,,,,N,,,,N,,,1,,,,,1,U,45.000,7350,4121600,4121600090,73504000,,2018,0453,,,,,,,,,,,,,,,,,,,,,,,,,,,,,,,,,,,,,,,,,,,,,,,,,,,
7350,PVINF13423,08012018,B,-30.000,1,L,1,PV0000000000412,PV-M387577,0,CR,ERROR,-30.000,08012018,08012018,NET0,,,ACCTDOSH,,,,N,,,,N,,,1,,,,,100,A,-30.000,7350,1200000,,73504000,,2018,0453,,,,,,,,,,,,,,,,,,,,,,,,,,,,,,,,,,,,,,,,,,,,,,,,,,,
7350,PVINF13423,08012018,B,-30.000,1,L,1,PV0000000000412,PV-M387577,0,CR,ERROR,-30.000,08012018,08012018,NET0,,,ACCTDOSH,,,,N,,,,N,,,1,,,,,1,U,30.000,7350,4121600,4121600090,73504000,,2018,0453,,,,,,,,,,,,,,,,,,,,,,,,,,,,,,,,,,,,,,,,,,,,,,,,,,,
7350,PVINF13424,08012018,B,-350.000,1,L,1,PV0000000806785,PV-J384099,1,CR,ERROR,-350.000,08012018,07102018,NET0,,,ACCTDOSH,,,,N,,,,N,,,1,,,,,100,A,-350.000,7350,1200000,,73504000,,2018,0453,,,,,,,,,,,,,,,,,,,,,,,,,,,,,,,,,,,,,,,,,,,,,,,,,,,
7350,PVINF13424,08012018,B,-350.000,1,L,1,PV0000000806785,PV-J384099,1,CR,ERROR,-350.000,08012018,07102018,NET0,,,ACCTDOSH,,,,N,,,,N,,,1,,,,,1,U,350.000,7350,4173000,4173000022,73504000,,2018,0453,,,,,,,,,,,,,,,,,,,,,,,,,,,,,,,,,,,,,,,,,,,,,,,,,,,
7350,EVINF13744,08012018,B,-675.000,1,L,1,ERT000000214996,ELV-1573815,0,CR,ERROR,-675.000,08012018,07262018,NET0,,,ACCTDOSH,,,,N,,,,N,,,1,,,,,100,A,-675.000,7350,1200000,,73504000,,2018,0452,,,,,,,,,,,,,,,,,,,,,,,,,,,,,,,,,,,,,,,,,,,,,,,,,,,
7350,EVINF13744,08012018,B,-675.000,1,L,1,ERT000000214996,ELV-1573815,0,CR,ERROR,-675.000,08012018,07262018,NET0,,,ACCTDOSH,,,,N,,,,N,,,1,,,,,1,U,675.000,7350,4121600,4121600020,73504000,,2018,0452,,,,,,,,,,,,,,,,,,,,,,,,,,,,,,,,,,,,,,,,,,,,,,,,,,,
7350,EVINF13745,08012018,B,-675.000,1,L,1,ERT000000098746,ELV-1569804,0,CR,ERROR,-675.000,08012018,07122018,NET0,,,ACCTDOSH,,,,N,,,,N,,,1,,,,,100,A,-675.000,7350,1200000,,73504000,,2018,0452,,,,,,,,,,,,,,,,,,,,,,,,,,,,,,,,,,,,,,,,,,,,,,,,,,,
7350,EVINF13745,08012018,B,-675.000,1,L,1,ERT000000098746,ELV-1569804,0,CR,ERROR,-675.000,08012018,07122018,NET0,,,ACCTDOSH,,,,N,,,,N,,,1,,,,,1,U,675.000,7350,4121600,4121600020,73504000,,2018,0452,,,,,,,,,,,,,,,,,,,,,,,,,,,,,,,,,,,,,,,,,,,,,,,,,,,
